Course Code,SIS Student ID,Attendance,Count
ACC  2301 01 in 09/104,150885,absent,1
ACC  2301 01 in 09/104,154929,absent,1
ACC  2301 04 in 04/007,109466,absent,1
ACC  2301 04 in 04/007,144802,absent,1
ACC  2301 04 in 04/007,145356,absent,1
ACC  2301 04 in 04/007,96120,absent,1
ACC  2301 04 in 04/101,100765,absent,1
ACC  2301 04 in 04/101,119973,absent,1
ACC  2301 04 in 04/101,121861,absent,1
ACC  2301 04 in 04/101,122465,absent,1
ACC  2301 04 in 04/101,143276,absent,1
ACC  2301 04 in 04/101,145464,absent,1
ACC  2301 04 in 04/101,148275,absent,1
ACC  2301 04 in 04/101,148725,absent,1
ACC  2301 04 in 04/101,150788,absent,1
ACC  2301 05 in 08/013,122465,absent,1
ACC  2301 05 in 08/013,123764,late,1
ACC  2301 05 in 08/013,141142,absent,1
ACC  2301 05 in 08/013,142767,absent,1
ACC  2301 05 in 08/013,84207,absent,1
ACC  2301 05 in 08/013,84582,absent,1
ACC  2302 01 in 04/001,114034,absent,1
ACC  2302 02 in 07/002,104233,absent,1
ACC  2302 02 in 07/002,115139,absent,1
ACC  2302 02 in 07/002,118067,absent,1
ACC  2302 02 in 07/002,121929,absent,1
ACC  2302 02 in 07/002,124513,absent,1
ACC  2302 02 in 07/002,147802,absent,1
ACC  2302 02 in 07/002,156678,absent,1
ACC  2302 03 in 04/105,98931,absent,1
ACC  2302 04 in 04/002,107805,absent,1
ACC  2302 04 in 04/002,137583,absent,1
ACC  2302 04 in 04/002,140552,absent,1
ACC  2302 04 in 04/002,141774,absent,1
ACC  2302 04 in 04/002,86363,late,1
ACC  2302 05 in 10/107,101121,absent,1
ACC  2302 05 in 10/107,103111,absent,1
ACC  4305 01 in 11/105,100736,late,1
ACC  4305 01 in 11/105,105472,late,1
ACC  4305 01 in 11/105,94353,late,1
ALS  1001 02 in 08B/103,135904,absent,1
ALS  1001 02 in 08B/103,148824,absent,1
ALS  1001 02 in 08B/103,153278,absent,1
ALS  1001 02 in 08B/103,156549,absent,1
ALS  1001 02 in 08B/103,157090,absent,1
ALS  1001 02 in 08B/103,157310,absent,1
ALS  1002 02 in 08B/107,145159,late,1
ALS  1002 02 in 08B/107,145795,late,1
ALS  1002 02 in 08B/107,154492,absent,1
ALS  1002 02 in 08B/107,155831,absent,1
ALS  1002 02 in 08B/107,156623,late,1
ALS  1002 05 in 08B/218,148488,absent,1
ALS  1002 05 in 08B/218,154381,absent,1
ALS  1002 05 in 08B/218,155647,absent,1
ALS  1002 06 in 08/111,92629,absent,1
ALS  1002 09 in 05/107,145282,absent,1
ALS  1002 09 in 05/107,149646,absent,1
ARB  1241 10 in 08B/112,154113,absent,1
ARB  1241 10 in 08B/112,157495,absent,1
ARB  1241 10 in 08B/112,159502,absent,1
ARB  1241 11 in 08B/111,155214,absent,1
ARB  1241 11 in 08B/111,158245,absent,1
ARB  1241 12 in 10/107,140098,absent,1
ARB  1241 12 in 10/107,154777,absent,1
ARD  1001 04 in 08B/101,153893,absent,1
ARD  1001 05 in 08B/218,158245,absent,1
ARD  1001 05 in 08B/218,158404,absent,1
ARD  1002 04 in 08B/001,113185,absent,1
ARD  1002 04 in 08B/001,143693,absent,1
ARD  1002 04 in 08B/001,145363,absent,1
ARD  1002 04 in 08B/001,149842,absent,1
ARD  1002 05 in 08B/106,145310,absent,1
ARD  1002 05 in 08B/106,145897,absent,1
ARD  1002 05 in 08B/106,147916,absent,1
ARD  1002 05 in 08B/106,154649,absent,1
ARD  1002 05 in 08B/106,154997,absent,1
ARD  1002 05 in 08B/106,156906,absent,1
ARD  1002 07 in 08B/104,145178,absent,1
ARD  1002 07 in 08B/104,145694,absent,1
ARD  1002 07 in 08B/104,149894,absent,1
ARD  1002 08 in 10/105,135904,absent,1
ARD  1002 08 in 10/105,149719,late,1
ARD  1002 10 in 11/008,142866,late,1
ARD  1002 10 in 11/008,145425,late,1
ARD  1002 10 in 11/008,151923,late,1
ARD  1002 10 in 11/008,154381,absent,1
ARD  1002 10 in 11/008,155517,absent,1
ARD  1002 10 in 11/008,155815,absent,1
ARD  1002 10 in 11/008,156761,late,1
ART  1303 01 in 09/103,118558,late,1
ART  1303 01 in 09/103,125143,absent,1
ART  1303 02 in 09/103,107413,late,1
ART  1303 02 in 09/103,118609,absent,1
ART  1303 02 in 09/103,156058,absent,1
ART  1303 02 in 09/103,83972,absent,1
ART  3399 02 in 08B/004,118530,absent,1
AWG  1001 01 in 08B/111,147837,absent,1
AWG  1001 01 in 08B/111,151391,absent,1
AWG  1001 03 in 08B/218,119144,late,1
AWG  1001 03 in 08B/218,120794,late,1
AWG  1001 03 in 08B/218,149894,absent,1
AWG  1001 04 in 08B/111,140617,absent,1
AWG  1001 04 in 08B/111,144463,absent,1
AWG  1001 04 in 08B/111,145363,absent,1
AWG  1001 04 in 08B/111,148824,absent,1
AWG  1001 04 in 08B/111,155831,absent,1
AWG  1001 04 in 08B/111,156041,absent,1
AWG  1001 04 in 08B/111,158003,absent,1
AWG  1002 01 in 08/101,146539,absent,1
AWG  1002 01 in 08/101,150546,absent,1
AWG  1002 01 in 08/101,154141,late,1
AWG  1002 01 in 08/101,155197,absent,1
AWG  1002 02 in 08B/001,103967,absent,1
AWG  1002 02 in 08B/001,155064,absent,1
AWG  1002 02 in 08B/001,157813,absent,1
AWG  1002 02 in 08B/001,159595,absent,1
AWG  1002 03 in 10/105,152803,absent,1
AWG  1002 03 in 10/105,153449,absent,1
AWG  1002 03 in 10/105,153893,absent,1
AWG  1002 05 in 08B/102,140098,absent,1
AWG  1002 05 in 08B/102,149658,late,1
AWG  1002 05 in 08B/102,150423,absent,1
AWG  1002 05 in 08B/102,156519,late,1
AWG  1002 05 in 08B/102,159657,absent,1
AWG  1002 05 in 08B/102,92629,absent,1
AWG  1002 06 in 08B/103,145180,absent,1
AWG  1002 06 in 08B/103,147916,absent,1
AWG  1002 06 in 08B/103,148003,absent,1
AWG  1002 06 in 08B/103,149131,absent,1
AWG  1002 06 in 08B/103,150580,absent,1
AWG  1002 06 in 08B/103,153711,absent,1
AWG  1002 06 in 08B/103,155647,absent,1
AWG  1002 07 in 08B/104,120306,late,1
AWG  1002 07 in 08B/104,143693,absent,1
AWG  1002 07 in 08B/104,147761,absent,1
AWG  1002 07 in 08B/104,149842,absent,1
AWG  1002 07 in 08B/104,156438,absent,1
AWG  1002 08 in 08B/106,153145,absent,1
AWG  1002 08 in 08B/106,154117,absent,1
AWG  1002 09 in 10/102,145005,absent,1
AWG  1002 09 in 10/102,149457,absent,1
AWG  1002 09 in 10/102,155893,absent,1
AWG  1002 09 in 10/102,156559,absent,1
AWG  1002 09 in 10/102,156767,absent,1
AWG  1002 10 in 08B/105,145178,absent,1
AWG  1002 10 in 08B/105,147922,absent,1
AWG  1002 12 in 04/102,156761,absent,1
AWG  1002 13 in 05/107,146798,absent,1
AWG  1002 14 in 08B/107,144364,absent,1
AWG  1002 15 in 08B/002,156473,absent,1
AWG  1002 15 in 08B/002,157898,absent,1
BIO  1401 01 in 04/101,142909,absent,1
BIO  1401 01 in 04/101,73456,absent,1
BIO  1401 03   L in 05/005,85369,late,1
BIO  1401 03   L in 05/005,85990,late,1
BTC  3355 01 in 08/111,90461,absent,1
CHE  1400 04 in 06/003,120061,absent,1
CHE  1400 04 in 06/003,120825,absent,1
CHE  1400 04 in 06/003,125591,absent,1
CHE  1400 04 in 06/003,136071,absent,1
CHE  1400 04 in 06/003,136489,absent,1
CHE  1400 04 in 06/003,141476,absent,1
CHE  1400 04 in 06/003,80275,absent,1
CHE  1400 04 in 06/003,84181,absent,1
CHE  1400 04 in 06/003,85393,absent,1
CHE  1400 04 in 06/003,99958,absent,1
CHE  1400 06   L in 06/006,122127,absent,1
CHE  1400 06   L in 06/006,138345,absent,1
CHE  1400 07   L in 06/006,107763,absent,1
CHE  1400 07   L in 06/006,144638,absent,1
CHE  1400 08   L in 06/006,118959,absent,1
CHE  1400 09   L in 06/006,113929,absent,1
CHE  1400 09   L in 06/006,142037,late,1
CHE  1400 09   L in 06/006,150885,absent,1
CHE  1400 09   L in 06/006,85214,absent,1
CHE  1401 01 in 06/003,101121,absent,1
CHE  1401 01 in 06/003,153129,absent,1
CHE  1401 01 in 06/003,157279,absent,1
CHE  1401 02 in 06/003,144724,absent,1
CHE  1401 02 in 06/003,145031,absent,1
CHE  1401 02 in 06/003,145157,absent,1
CHE  1401 03 in 06/003,146279,absent,1
CHE  1401 03 in 06/003,147053,absent,1
CHE  1401 03 in 06/003,99852,absent,1
CHE  1401 04 in 06/003,113494,absent,1
CHE  1401 04 in 06/003,116752,absent,1
CHE  1401 04 in 06/003,76484,absent,1
CHE  1401 05 in 06/003,100485,absent,1
CHE  1401 05 in 06/003,102913,absent,1
CHE  1401 05 in 06/003,111797,absent,1
CHE  1401 05 in 06/003,119574,late,1
CHE  1401 05 in 06/003,90793,absent,1
CHE  1401 05 in 06/003,98392,absent,1
COM  1301 13 in 08B/AUD,155177,absent,1
COM  1301 15 in 10/107,119087,late,1
COM  1301 15 in 10/107,145356,late,1
COM  1301 15 in 10/107,156102,absent,1
COM  1301 16 in 11/101,122127,absent,1
COM  1301 16 in 11/101,124275,late,1
COM  1301 16 in 11/101,145196,late,1
COM  1301 16 in 11/101,148283,late,1
COM  1301 16 in 11/101,157213,late,1
COM  1301 18 in 08B/101,143031,absent,1
COM  1301 25 in 06/008,146016,absent,1
COM  2403 02 in 08/003,100817,absent,1
COM  2404 02   L,115147,absent,1
COM  2404 02   L,120494,late,1
COM  2404 02   L,121441,absent,1
COM  2404 02   L,96706,absent,1
COM  2427 01 in 08/003,84582,absent,1
COM  2427 01 in 08/003,98222,absent,1
COM  2427 02 in 08/003,90592,absent,1
COM  3301 01 in 10/105,102199,absent,1
COM  3301 01 in 10/105,79925,absent,1
COM  3301 01 in 10/105,97215,absent,1
COM  3304 01 in 04/002,100936,absent,1
COM  3304 01 in 04/002,77294,late,1
COM  3304 01 in 04/002,85153,absent,1
COM  3304 01 in 04/002,85518,late,1
COM  3304 01 in 04/002,89009,late,1
COM  3304 01 in 04/002,96119,absent,1
COM  3315 01 in 06/008,86974,absent,1
COM  4405 01   L,95767,late,1
COM  5313 01 in 08/101,149511,absent,1
COM  5313 01 in 08/101,98680,absent,1
CSC  1300 04 in 07/2,141859,absent,1
CSC  1300 04 in 07/2,154113,absent,1
CSC  1300 04 in 07/2,156555,absent,1
CSC  1300 04 in 07/2,156580,absent,1
CSC  1300 04 in 07/2,157414,absent,1
CSC  1401 01 in 07/003,141478,absent,1
CSC  1401 01 in 07/003,144082,absent,1
CSC  1401 06   L in 05/003,148488,absent,1
CSC  1401 08   L in 05/003,153112,absent,1
CSC  1401 08   L in 05/003,153129,absent,1
CSC  1401 08 in 04/107,156209,absent,1
CSC  1401 09   L in 05/003,147705,absent,1
CSC  1401 09   L in 05/003,154230,absent,1
CSC  1401 09 in 09/104,145425,absent,1
CSC  1401 10   L in 05/003,144840,absent,1
CSC  1401 10   L in 05/003,145225,absent,1
CSC  1402 01 in 04/003,152196,absent,1
CSC  1402 02 in 06/008,146064,absent,1
CSC  1402 02 in 06/008,146979,absent,1
CSC  2302 05 in 08B/108,138755,absent,1
CSC  2302 05 in 08B/108,143055,absent,1
CSC  2302 05 in 08B/108,146292,late,1
CSC  2302 05 in 08B/108,147772,late,1
CSC  2305 01 in 09/104,120888,late,1
CSC  2305 01 in 09/104,123628,absent,1
CSC  2306 06 in 11/003,119020,absent,1
CSC  2306 06 in 11/003,120038,absent,1
CSC  2306 06 in 11/003,79485,absent,1
CSC  2309 01 in 04/007,150556,absent,1
CSC  2309 01 in 04/007,77650,absent,1
CSC  2309 01 in 04/007,85305,absent,1
CSC  2309 02 in 04/007,113494,absent,1
CSC  2309 02 in 04/007,144603,absent,1
CSC  2309 02 in 04/007,149151,absent,1
CSC  2309 02 in 04/007,88238,absent,1
CSC  3315 01 in 04/105,101788,absent,1
CSC  3315 01 in 04/105,111797,absent,1
CSC  3315 01 in 04/105,99876,absent,1
CSC  3315 02 in 04/104,80181,absent,1
CSC  3324 03 in 04/104,55403,absent,1
CSC  3331 01 in OFFF/ONLIN,79694,absent,1
CSC  3351 01 in 04/004,84862,absent,1
CSC  3351 01 in 04/004,86247,absent,1
CSC  3351 02 in 04/106,101619,absent,1
CSC  3351 02 in 04/106,105842,absent,1
CSC  3351 02 in 04/106,85778,absent,1
CSC  3351 02 in 04/106,99691,absent,1
CSC  4301 01 in 04/102,89340,absent,1
CSC  4301 01 in 04/102,95619,absent,1
CSC  4301 02 in 08B/108,102194,absent,1
CSC  4301 02 in 08B/108,82626,absent,1
CSC  4301 02 in 08B/108,98901,absent,1
CSC  4301 02 in 08B/108,99901,absent,1
CSC  5345 01 in 10/105,80381,absent,1
CSC  5354 01 in 08/014,80381,absent,1
CSC  5356 01 in 10/007,80381,absent,1
CSC  5382 01 in 08B/002,80561,absent,1
ECO  2301 02 in 07/003,151255,absent,1
ECO  2301 02 in 07/003,151922,absent,1
ECO  2301 02 in 07/003,92160,absent,1
ECO  2301 03 in 08B/108,116114,absent,1
ECO  2301 03 in 08B/108,144658,absent,1
ECO  2301 03 in 08B/108,148275,absent,1
ECO  2301 05 in 07/003,122730,absent,1
ECO  2301 05 in 07/003,145643,absent,1
ECO  2301 05 in 07/003,148151,absent,1
ECO  2301 05 in 07/003,149833,absent,1
ECO  2302 02 in 08B/108,105610,absent,1
ECO  2302 02 in 08B/108,118192,absent,1
ECO  2302 02 in 08B/108,125207,absent,1
EGR  2302 05 in 04/105,120198,absent,1
EGR  2302 05 in 04/105,122826,absent,1
EGR  2302 05 in 04/105,95030,absent,1
EGR  2302 07 in 04/104,119742,absent,1
EGR  2302 07 in 04/104,140655,late,1
EGR  2302 07 in 04/104,88948,absent,1
EGR  2302 07 in 04/104,97990,absent,1
EGR  2302 08 in 04/004,111275,absent,1
EGR  2302 08 in 04/004,138755,absent,1
EGR  2311 01 in 06/106,115195,absent,1
EGR  2312 01 in 08/013,77762,absent,1
EGR  2402 01 in 10/105,101519,absent,1
EGR  2402 01 in 10/105,112669,absent,1
EGR  2402 01 in 10/105,121340,absent,1
EGR  2402 01 in 10/105,140895,absent,1
EGR  2402 01 in 10/105,98003,absent,1
EGR  2402 01 in 10/105,99759,absent,1
EGR  3301 01   L,94638,absent,1
EGR  3301 01   L,98833,late,1
EGR  3301 01 in 08B/217,85570,absent,1
EGR  3301 01 in 08B/217,94638,absent,1
EGR  3305 01 in 08B/001,90329,absent,1
EGR  3306 01 in 07/107,76288,absent,1
EGR  3306 01 in 07/107,81087,absent,1
EGR  3306 01 in 07/107,85570,absent,1
EGR  3331 02 in 07/107,113826,absent,1
EGR  3331 02 in 07/107,117644,absent,1
EGR  3331 02 in 07/107,92452,absent,1
EGR  3331 02 in 07/107,99657,absent,1
EGR  3392 01 in 04/002,84214,absent,1
EGR  3392 01 in 04/002,85479,absent,1
ENG  1301 12 in 04/007,152026,late,1
ENG  1301 12 in 04/007,154131,late,1
ENG  1301 12 in 04/007,155219,absent,1
ENG  1301 12 in 04/007,159421,late,1
ENG  1301 13 in 06/106,144296,late,1
ENG  1301 13 in 06/106,148195,late,1
ENG  1301 13 in 06/106,149230,late,1
ENG  1301 13 in 06/106,149901,late,1
ENG  1301 13 in 06/106,150856,absent,1
ENG  1301 13 in 06/106,156656,late,1
ENG  1301 14 in 08/104,117629,absent,1
ENG  1301 14 in 08/104,119942,absent,1
ENG  1301 14 in 08/104,145691,absent,1
ENG  1301 14 in 08/104,147914,absent,1
ENG  1301 14 in 08/104,157328,absent,1
ENG  1301 15 in 06/111,144403,absent,1
ENG  1301 15 in 06/111,146335,absent,1
ENG  1301 16 in 11/101,112755,absent,1
ENG  1301 16 in 11/101,148974,late,1
ENG  1301 16 in 11/101,153151,absent,1
ENG  1301 16 in 11/101,154097,absent,1
ENG  1301 16 in 11/101,154973,late,1
ENG  1301 16 in 11/101,156373,absent,1
ENG  1301 16 in 11/101,157239,absent,1
ENG  1301 16 in 11/101,159455,absent,1
ENG  1301 17 in 06/106,148275,absent,1
ENG  1301 18 in 04/003,123860,absent,1
ENG  1301 19 in 04/002,146665,absent,1
ENG  1301 25 in 04/002,148513,absent,1
ENG  1301 25 in 04/002,154268,absent,1
ENG  1301 28 in 11/105,125383,absent,1
ENG  1301 28 in 11/105,152330,absent,1
ENG  1301 28 in 11/105,157159,absent,1
ENG  2303 07 in 11/101,144175,absent,1
ENG  2303 07 in 11/101,84606,absent,1
ENG  2303 08 in 11/105,99876,absent,1
ENG  2303 09 in 08B/001,142998,absent,1
ENG  2320 03 in 06/003,138270,absent,1
ENG  2320 03 in 06/003,86326,absent,1
ENG  2320 03 in 06/003,93973,absent,1
ENG  2320 03 in 06/003,96119,absent,1
ENG  2320 05 in 08/114,101177,absent,1
ENG  2320 05 in 08/114,81159,absent,1
ENG  2320 05 in 08/114,84582,absent,1
ENG  2320 05 in 08/114,97750,absent,1
ENG  2320 06 in 08/114,102913,absent,1
ENG  2320 06 in 08/114,80546,absent,1
ENG  2320 06 in 08/114,81534,late,1
ENG  2320 06 in 08/114,84906,late,1
FAS  0210 09 in 11/101,143530,absent,1
FAS  0210 09 in 11/101,154097,absent,1
FAS  0210 10 in 08/101,145631,absent,1
FAS  0210 10 in 08/101,149394,absent,1
FAS  0210 10 in 08/101,157549,late,1
FAS  0210 12 in 08/114,115082,absent,1
FAS  0210 12 in 08/114,148952,late,1
FAS  0210 13 in 08/114,156555,absent,1
FAS  0210 13 in 08/114,157414,absent,1
FAS  0210 14 in 08B/217,150450,absent,1
FAS  0210 15 in 06/008,145375,absent,1
FAS  0210 15 in 06/008,146150,absent,1
FAS  0210 15 in 06/008,158061,absent,1
FAS  0210 20 in 08B/001,145031,absent,1
FAS  1220 01,146858,absent,1
FAS  1220 01,150856,absent,1
FAS  1220 03,117634,absent,1
FAS  1220 03,118959,absent,1
FAS  1220 03,119603,absent,1
FAS  1220 03,144082,absent,1
FAS  1220 03,145887,absent,1
FAS  1220 03,146330,absent,1
FAS  1220 03,147475,absent,1
FAS  1220 03,147637,absent,1
FAS  1220 03,149496,absent,1
FAS  1220 03,149800,absent,1
FAS  1220 03,154836,absent,1
FAS  1220 03,155340,absent,1
FAS  1220 03,156058,absent,1
FAS  1220 03,156555,absent,1
FAS  1220 07 in 08B/002,157279,late,1
FAS  1220 11 in 11/105,123522,absent,1
FAS  1220 11 in 11/105,157013,absent,1
FAS  1220 12 in 07/107,153675,absent,1
FAS  1220 13 in 06/111,146037,absent,1
FAS  1220 13 in 06/111,150482,absent,1
FAS  1220 13 in 06/111,155299,late,1
FAS  1220 14 in 08B/112,142598,absent,1
FAS  1220 15 in 08B/112,145757,absent,1
FAS  1220 23 in 11/101,117855,absent,1
FIN  3301 01 in 04/101,94753,absent,1
FIN  3301 01 in 04/101,95965,absent,1
FIN  3301 02 in 08B/108,101788,late,1
FIN  3301 03 in 05/107,100459,absent,1
FIN  3301 03 in 05/107,84862,absent,1
FIN  3302 02 in 06/008,98625,absent,1
FIN  3302 03 in 04/003,102028,absent,1
FIN  3302 03 in 04/003,103027,absent,1
FIN  3302 03 in 04/003,80829,absent,1
FIN  3303 01 in 07/003,102028,absent,1
FIN  3303 01 in 07/003,113929,absent,1
FIN  3303 03 in 07/003,117332,absent,1
FIN  3303 03 in 07/003,79499,absent,1
FIN  3303 03 in 07/003,83735,absent,1
FIN  3303 03 in 07/003,93974,absent,1
FIN  3303 04 in 08B/108,100587,absent,1
FIN  3303 04 in 08B/108,100936,absent,1
FIN  3303 04 in 08B/108,101060,absent,1
FIN  3303 04 in 08B/108,107677,absent,1
FIN  3303 04 in 08B/108,85778,absent,1
FIN  3303 04 in 08B/108,92901,absent,1
FIN  3303 04 in 08B/108,93608,absent,1
FIN  3303 04 in 08B/108,95816,absent,1
FIN  3303 04 in 08B/108,96724,absent,1
FIN  3305 01 in 04/102,106061,absent,1
FIN  4304 02 in 04/101,100936,absent,1
FIN  4304 02 in 04/101,100969,absent,1
FIN  4304 02 in 04/101,101738,absent,1
FIN  4304 02 in 04/101,85548,absent,1
FIN  4304 02 in 04/101,86349,absent,1
FIN  4304 02 in 04/101,89870,absent,1
FIN  4304 02 in 04/101,91688,absent,1
FIN  5313 01 in 08B/102,114106,absent,1
FIN  5313 01 in 08B/102,88119,absent,1
FRN  3210 02 in 06/008,104385,absent,1
FRN  3210 02 in 06/008,117282,absent,1
FRN  3210 02 in 06/008,94441,absent,1
FYE  1102 17 in 07/002,145811,absent,1
FYE  1102 17 in 07/002,147914,absent,1
FYE  1102 18 in 07/002,144820,absent,1
FYE  1102 18 in 07/002,152330,absent,1
FYE  1102 18 in 07/002,153893,absent,1
FYE  1102 18 in 07/002,154097,absent,1
FYE  1102 18 in 07/002,156512,absent,1
FYE  1102 19 in 07/002,149666,absent,1
FYE  1102 19 in 07/002,151384,absent,1
FYE  1102 19 in 07/002,152196,absent,1
FYE  1102 20 in 07/002,141202,absent,1
FYE  1102 20 in 07/002,141336,absent,1
FYE  1102 20 in 07/002,144900,absent,1
FYE  1102 20 in 07/002,144976,absent,1
FYE  1102 20 in 07/002,145159,absent,1
FYE  1102 20 in 07/002,151075,absent,1
FYE  1102 20 in 07/002,154649,absent,1
FYE  1102 20 in 07/002,156906,absent,1
FYE  1102 20 in 07/002,157162,absent,1
GBU  2301 04 in 04/004,103623,absent,1
GBU  2301 04 in 04/004,109466,absent,1
GBU  2301 04 in 04/004,117425,absent,1
GBU  2301 04 in 04/004,143692,absent,1
GBU  2301 05 in 04/108,142706,absent,1
GBU  2301 05 in 04/108,145117,absent,1
GBU  2301 05 in 04/108,87689,absent,1
GBU  2301 06 in 04/101,121566,absent,1
GBU  2301 06 in 04/101,124315,absent,1
GBU  2301 06 in 04/101,142452,absent,1
GBU  2301 06 in 04/101,145736,absent,1
GBU  2301 06 in 04/101,147969,absent,1
GBU  2301 06 in 04/101,99422,absent,1
GBU  3201 01 in 08/104,149658,absent,1
GBU  3201 01 in 08/104,88119,absent,1
GBU  3302 03 in 09/104,102984,absent,1
GBU  3302 03 in 09/104,117006,absent,1
GBU  3302 03 in 09/104,86364,absent,1
GBU  3302 04 in 04/004,81503,absent,1
GBU  3302 04 in 04/004,82943,absent,1
GBU  3302 04 in 04/004,84982,absent,1
GBU  3302 04 in 04/004,93364,absent,1
GBU  3311 01 in 04/002,100893,absent,1
GBU  3311 01 in 04/002,144802,absent,1
GBU  3311 01 in 08/114,103515,absent,1
GBU  3311 01 in 08/114,118192,absent,1
GBU  3311 01 in 08/114,120887,absent,1
GBU  3311 01 in 08/114,121884,absent,1
GBU  3311 01 in 08/114,76943,absent,1
GBU  3311 01 in 08/114,89799,absent,1
GBU  3311 03 in 04/001,117333,absent,1
GBU  3311 03 in 04/001,121431,late,1
GBU  3311 03 in 04/001,122339,late,1
GBU  3311 03 in 04/001,135495,absent,1
GBU  3311 03 in 04/001,135514,late,1
GBU  3311 04 in 04/104,120172,late,1
GBU  3311 05 in 04/004,119872,absent,1
GBU  3311 05 in 04/004,140552,absent,1
GBU  3311 05 in 04/004,141939,absent,1
GBU  3311 07 in 05/003,103515,absent,1
GBU  3311 07 in 05/003,116083,absent,1
GEO  1301 05 in 10/007,100893,absent,1
GEO  1301 05 in 10/007,110280,absent,1
GEO  1301 05 in 10/007,112635,absent,1
GEO  1301 05 in 10/007,112837,absent,1
GEO  1301 05 in 10/007,113579,absent,1
GEO  1301 05 in 10/007,118607,absent,1
GEO  1301 05 in 10/007,120231,absent,1
GEO  2305 01 in 10/007,143496,absent,1
GER  1301 02 in 08B/112,117754,absent,1
GER  1301 02 in 08B/112,94469,absent,1
GER  1301 02 in 08B/112,98901,absent,1
HIS  1301 01 in 09/104,121011,absent,1
HIS  1301 01 in 09/104,138220,absent,1
HIS  1301 01 in 09/104,153889,absent,1
HIS  1301 01 in 09/104,87653,absent,1
HIS  1301 02 in 04/106,106163,absent,1
HIS  1301 02 in 04/106,80442,absent,1
HIS  2301 03 in 04/108,100485,absent,1
HIS  2301 03 in 04/108,143543,absent,1
HRD  3302 01 in 08/111,84958,absent,1
HRD  3302 01 in 08/111,91860,absent,1
HRD  3304 01 in 08/111,81353,absent,1
HRD  3304 01 in 08/111,85516,late,1
HRD  3401 01 in 04/107,102993,absent,1
HRD  3401 01 in 04/107,84207,absent,1
HRD  4304 01 in 08/101,78723,absent,1
HRD  4304 01 in 08/101,84309,absent,1
HRD  4304 01 in 08/101,85516,absent,1
HRD  4304 01 in 08/101,98548,absent,1
HRD  4304 01 in 08/101,98664,absent,1
HRD  5314 01 in 11/003,141874,absent,1
HRD  5314 01 in 11/003,74164,late,1
HUM  2302 01 in 08/104,153613,absent,1
HUM  2302 01 in 08/104,86072,absent,1
HUM  2302 01 in 08/104,94524,absent,1
HUM  2302 02 in 06/111,113398,absent,1
HUM  2302 02 in 06/111,114034,absent,1
HUM  2302 02 in 06/111,117183,absent,1
HUM  2302 02 in 06/111,157957,absent,1
HUM  2302 02 in 06/111,85458,absent,1
HUM  2302 02 in 06/111,96973,absent,1
HUM  2306 01 in 07/003,85479,absent,1
HUM  2306 01 in 07/003,87689,absent,1
HUM  2306 01 in 07/003,91756,absent,1
HUM  2306 02 in 04/101,117977,absent,1
INS  2301 02 in 04/108,116713,late,1
INS  2301 02 in 04/108,119253,late,1
INS  2301 02 in 04/108,122372,absent,1
INS  2301 02 in 04/108,135451,late,1
INS  2301 02 in 04/108,143308,late,1
INS  2301 02 in 04/108,76161,absent,1
INS  2301 02 in 04/108,85911,late,1
INS  2301 02 in 04/108,90560,absent,1
INS  2301 02 in 04/108,94413,late,1
INS  3303 01 in 04/107,85769,absent,1
INS  3303 01 in 04/107,85896,absent,1
INS  3306 01 in 08/114,84297,absent,1
INS  3306 01 in 08/114,84680,absent,1
MGT  3301 01 in 08B/108,107677,absent,1
MGT  3301 01 in 08B/108,117855,absent,1
MGT  3301 02 in 04/108,100492,absent,1
MGT  3301 03 in 04/104,140735,absent,1
MGT  3301 03 in 04/104,89479,absent,1
MGT  3301 03 in 04/104,90379,absent,1
MGT  3301 07 in 04/102,94753,absent,1
MGT  3302 01 in 04/004,100736,absent,1
MGT  3302 01 in 04/004,100894,absent,1
MGT  3302 01 in 04/004,117332,absent,1
MGT  3302 01 in 04/004,85214,absent,1
MGT  3302 01 in 04/004,92160,absent,1
MGT  3302 02 in 04/001,81266,absent,1
MGT  3302 02 in 04/001,97275,absent,1
MGT  3302 03 in 08B/104,115836,absent,1
MGT  3302 03 in 08B/104,117275,absent,1
MGT  3302 03 in 08B/104,123107,absent,1
MGT  3302 03 in 08B/104,141382,absent,1
MGT  3302 03 in 08B/104,93013,absent,1
MGT  3302 03 in 08B/104,99958,absent,1
MGT  4312 01 in OFFF/ONLIN,95965,absent,1
MGT  4312 03 in OFFF/ONLIN,100509,absent,1
MGT  4312 03 in OFFF/ONLIN,85363,absent,1
MIS  3301 05 in OFFF/ONLIN,80057,absent,1
MKT  3301 01 in 04/106,101658,absent,1
MKT  3301 01 in 04/106,105001,absent,1
MKT  3301 01 in 04/106,118227,late,1
MKT  3301 01 in 04/106,121647,absent,1
MKT  3301 01 in 04/106,124711,absent,1
MKT  3301 01 in 04/106,125040,absent,1
MKT  3301 01 in 04/106,136489,absent,1
MKT  3301 01 in 04/106,98466,absent,1
MKT  3301 03 in 04/101,117855,late,1
MKT  3301 03 in 04/101,140383,late,1
MKT  3301 03 in 04/101,87667,late,1
MKT  3301 03 in 04/101,97039,late,1
MKT  3301 05 in 11/008,118437,late,1
MKT  3301 07 in 04/004,114113,absent,1
MKT  3301 07 in 04/004,120374,absent,1
MKT  3301 07 in 04/004,91756,absent,1
MKT  3302 01 in 07/003,100893,absent,1
MKT  3302 01 in 07/003,102136,absent,1
MKT  3302 01 in 07/003,81732,late,1
MKT  3302 01 in 07/003,88514,absent,1
MKT  3302 01 in 07/003,92901,absent,1
MKT  3302 01 in 07/003,99434,late,1
MKT  3302 02 in 07/003,87265,absent,1
MKT  3302 02 in 07/003,98592,absent,1
MKT  3303 03 in 08/114,100736,absent,1
MKT  3305 01 in OFFF/ONLIN,100721,absent,1
MKT  3305 01 in OFFF/ONLIN,89652,absent,1
MKT  3305 01 in OFFF/ONLIN,91172,absent,1
MKT  3305 01 in OFFF/ONLIN,91722,absent,1
MKT  3305 02 in OFFF/ONLIN,85013,absent,1
MKT  5302 01 in 06/111,149807,absent,1
MKT  5302 01 in 06/111,70371,absent,1
MKT  5302 01 in 06/111,88119,absent,1
MKT  5304 01 in 09/104,71169,absent,1
MKT  5304 01 in 09/104,72864,absent,1
MKT  5304 01 in 09/104,77443,absent,1
MTH  1303 02 in 07/003,148975,absent,1
MTH  1303 06 in 07/003,143517,absent,1
MTH  1303 06 in 07/003,145545,absent,1
MTH  1303 06 in 07/003,145887,absent,1
MTH  1303 06 in 07/003,153449,absent,1
MTH  1303 06 in 07/003,155219,absent,1
MTH  1303 06 in 07/003,157331,absent,1
MTH  1303 06 in 07/003,157957,absent,1
MTH  1303 07 in 09/104,117629,absent,1
MTH  1303 07 in 09/104,143018,absent,1
MTH  1303 07 in 09/104,144128,absent,1
MTH  1303 07 in 09/104,149887,late,1
MTH  1303 07 in 09/104,150504,absent,1
MTH  1303 07 in 09/104,156058,absent,1
MTH  1304 01 in 04/108,119602,absent,1
MTH  1304 01 in 04/108,145432,absent,1
MTH  1304 01 in 04/108,145544,absent,1
MTH  1304 01 in 04/108,156103,absent,1
MTH  1304 07 in 08B/217,146316,absent,1
MTH  1304 07 in 08B/217,154097,absent,1
MTH  1304 08 in 04/002,147914,absent,1
MTH  1304 08 in 04/002,149593,late,1
MTH  1304 08 in 04/002,99057,absent,1
MTH  1305 01 in 04/004,119849,late,1
MTH  1305 01 in 04/004,122917,absent,1
MTH  1305 01 in 04/004,137046,late,1
MTH  1305 01 in 04/004,138345,absent,1
MTH  1305 01 in 04/004,140098,late,1
MTH  1305 01 in 04/004,144655,late,1
MTH  1305 01 in 04/004,145897,late,1
MTH  1305 01 in 04/004,146037,absent,1
MTH  1305 01 in 04/004,147850,late,1
MTH  1305 01 in 04/004,148402,absent,1
MTH  1305 01 in 04/004,148750,absent,1
MTH  1305 01 in 04/004,151149,late,1
MTH  1305 01 in 04/004,154289,late,1
MTH  1305 01 in 04/004,154994,absent,1
MTH  1305 01 in 04/004,155340,late,1
MTH  1305 01 in 04/004,155989,late,1
MTH  1305 01 in 04/004,156519,late,1
MTH  1305 01 in 04/004,157867,absent,1
MTH  1305 01 in 04/004,159421,late,1
MTH  1305 01 in 04/004,159672,late,1
MTH  1305 01 in 04/004,159894,late,1
MTH  1305 01 in 04/105,118607,absent,1
MTH  1305 01 in 04/105,139318,absent,1
MTH  1305 01 in 04/105,141859,absent,1
MTH  1305 01 in 04/105,141936,absent,1
MTH  1305 01 in 04/105,145802,late,1
MTH  1305 01 in 04/105,147661,late,1
MTH  1305 01 in 04/105,147994,late,1
MTH  1305 01 in 04/105,151763,late,1
MTH  1305 01 in 04/105,156780,absent,1
MTH  1305 01 in 04/105,157091,late,1
MTH  1305 01 in 04/105,157414,absent,1
MTH  1305 05 in 04/105,123533,absent,1
MTH  1305 05 in 04/105,146037,absent,1
MTH  1305 06 in 04/105,143242,late,1
MTH  1305 06 in 04/105,145384,absent,1
MTH  1388 01 in 04/102,157496,absent,1
MTH  2301 10 in 04/001,116629,absent,1
MTH  2301 10 in 04/001,117688,absent,1
MTH  2301 10 in 04/001,122928,absent,1
MTH  2301 10 in 04/001,136046,absent,1
MTH  2301 10 in 04/001,142909,absent,1
MTH  2301 10 in 04/001,145757,absent,1
MTH  2301 11 in 04/001,100293,absent,1
MTH  2301 11 in 04/001,135643,absent,1
MTH  2301 11 in 04/001,138919,absent,1
MTH  2301 11 in 04/001,84786,absent,1
MTH  2301 11 in 04/001,99876,absent,1
MTH  2304 01 in 06/106,101388,absent,1
MTH  2304 01 in 06/106,120335,absent,1
MTH  2304 01 in 06/106,97337,absent,1
MTH  2320 05 in 09/104,119865,absent,1
MTH  2320 05 in 09/104,142845,absent,1
MTH  2320 05 in 09/104,76943,absent,1
MTH  2320 05 in 09/104,85807,absent,1
MTH  2320 06 in 04/001,101036,absent,2
MTH  2320 06 in 04/001,102913,absent,1
MTH  2320 06 in 04/001,112395,absent,1
MTH  2320 06 in 04/001,117459,absent,1
MTH  2320 06 in 04/001,118609,absent,1
MTH  2320 06 in 04/001,141853,absent,1
MTH  2320 06 in 04/001,83694,absent,1
MTH  2320 06 in 04/001,85274,absent,1
MTH  2320 06 in 04/001,86365,absent,1
MTH  2320 06 in 04/001,99862,absent,1
MTH  3301 03 in 04/001,100663,absent,1
MTH  3301 03 in 04/001,100920,absent,1
MTH  3301 03 in 04/001,101150,absent,1
MTH  3301 03 in 04/001,102642,absent,1
MTH  3301 03 in 04/001,77045,absent,1
MTH  3301 03 in 04/001,82368,absent,1
MTH  3301 03 in 04/001,84347,absent,1
MTH  3301 03 in 04/001,84748,absent,1
MTH  3301 03 in 04/001,86036,absent,1
MTH  3301 03 in 04/001,92452,absent,1
MTH  3301 03 in 04/001,94638,absent,1
MTH  3301 03 in 04/001,95436,absent,1
MTH  3301 04 in 08/104,100968,absent,1
MTH  3301 04 in 08/104,111797,absent,1
MTH  3301 04 in 08/104,83204,absent,1
PHI  2301 02 in 04/003,117307,absent,1
PHI  2301 02 in 04/003,142020,absent,1
PHI  2301 02 in 04/003,142792,absent,1
PHI  2301 02 in 04/003,143367,absent,1
PHI  2301 02 in 04/003,143627,absent,1
PHI  2301 02 in 04/003,144878,absent,1
PHI  2301 02 in 04/003,98325,absent,1
PHI  2301 03 in 06/008,107677,absent,1
PHI  2301 03 in 06/008,115575,late,1
PHI  2301 03 in 06/008,117838,absent,1
PHI  2301 03 in 06/008,135954,absent,1
PHI  2301 03 in 06/008,84764,absent,1
PHI  2302 04 in 11/105,117275,late,1
PHY  1401 02 in 04/106,122373,absent,1
PHY  1401 02 in 04/106,141336,absent,1
PHY  1401 02 in 04/106,143543,absent,1
PHY  1401 02 in 04/106,145847,absent,1
PHY  1401 02 in 04/106,146303,absent,1
PHY  1401 02 in 04/106,146665,absent,1
PHY  1401 02 in 04/106,146705,absent,1
PHY  1401 02 in 04/106,148618,absent,1
PHY  1401 02 in 04/106,97318,absent,1
PHY  1401 05 in 04/105,138768,absent,1
PHY  1401 07 in 08B/108,117688,absent,1
PHY  1402 01 in 07/002,112395,absent,1
PHY  1402 01 in 07/002,114660,absent,1
PHY  1402 01 in 07/002,117611,absent,1
PHY  1402 01 in 07/002,118352,absent,1
PHY  1402 01 in 07/002,118410,absent,1
PHY  1402 01 in 07/002,118609,absent,1
PHY  1402 01 in 07/002,119564,absent,1
PHY  1402 01 in 07/002,120487,absent,1
PHY  1402 01 in 07/002,121857,absent,1
PHY  1402 01 in 07/002,124845,absent,1
PHY  1402 01 in 07/002,124883,absent,1
PHY  1402 01 in 07/002,138666,absent,1
PHY  1402 01 in 07/002,138919,absent,1
PHY  1402 04   L in 07/108,120748,late,1
PHY  1402 04   L in 07/108,120895,late,1
PHY  1402 04   L in 07/108,142652,late,1
PHY  1402 05   L in 07/108,113494,absent,1
PRD  1001 01 in 08B/004,152305,absent,1
PRD  1001 01 in 08B/004,154583,absent,1
PRD  1001 01 in 08B/004,156549,absent,1
PSY  1301 02,148053,absent,1
PSY  1301 03 in 04/003,158254,absent,1
PSY  1301 04 in 04/102,119995,absent,1
PSY  1301 04 in 04/102,137464,late,1
PSY  1301 04 in 04/102,84802,absent,1
PSY  1301 05 in 04/007,104385,late,1
PSY  1301 05 in 04/007,156336,absent,1
PWG  1001 01 in 08B/004,120469,absent,1
PWG  1001 01 in 08B/004,156549,absent,1
RES  3321 01 in 07/107,88105,absent,1
RES  3321 01 in 07/107,97726,absent,1
SCI  1300 01 in 07/003,157013,absent,1
SCM  3301 02 in 04/105,105836,absent,1
SCM  3301 02 in 04/105,114756,absent,1
SCM  3301 02 in 04/105,85805,absent,1
SCM  4301 01 in 04/004,104341,absent,1
SCM  4301 01 in 04/004,80057,absent,1
SCM  4303 01 in 07/107,106411,absent,1
SLP  1101 05,102433,absent,1
SLP  1101 05,117101,absent,1
SLP  1101 05,80463,absent,1
SLP  1101 05,84351,absent,1
SLP  1101 05,87127,absent,1
SLP  1101 05,92777,absent,1
SPN  1301 01 in 11/101,84335,absent,1
SPN  1301 01 in 11/101,84471,absent,1
SPN  1301 01 in 11/101,85222,absent,1
SPN  1301 02 in 08B/217,100459,absent,1
SPN  1301 02 in 08B/217,105117,absent,1
SPN  1301 02 in 08B/217,97010,absent,1
SPN  1302 01 in 08/101,117183,absent,1
SPN  1302 01 in 08/101,87616,absent,1
SPN  1302 01 in 08/101,93608,absent,1
SSC  1310 02 in 04/107,103478,absent,1
SSC  1310 02 in 04/107,113865,absent,1
SSC  1310 02 in 04/107,117307,absent,1
SSC  1310 02 in 04/107,143031,absent,1
SSC  3316 01 in 08B/002,114384,absent,1
SSC  3404 01 in 08/014,100704,absent,1
SSC  3404 01 in 08/014,84297,absent,1
SSC  4302 01 in 04/107,84229,absent,1
SSC  4302 01 in 04/107,85399,absent,1
SSC  4302 01 in 04/107,91756,absent,1
SSC  4302 02 in 08/101,75303,absent,1
SSC  4302 02 in 08/101,79916,late,1
SSC  4302 03 in 08/111,80190,absent,1
SSC  4302 03 in 08/111,84308,absent,1
SSC  5302 03 in 08/104,137439,absent,1
SSC  5362 01 in 10/004,153613,absent,1
TMZ  1301 01 in 08/101,120352,absent,1
ACC  2301 01 in 09/104,145199,absent,1
ACC  2301 01 in 09/104,145683,absent,1
ACC  2301 01 in 09/104,148151,absent,1
ACC  2301 01 in 09/104,149833,absent,1
ACC  2301 01 in 09/104,150885,absent,1
ACC  2301 01 in 09/104,154929,absent,1
ACC  2301 02 in 07/003,135763,absent,1
ACC  2301 02 in 07/003,149186,absent,1
ACC  2301 03 in 08B/108,117425,absent,1
ACC  2301 03 in 08B/108,118737,absent,1
ACC  2301 03 in 08B/108,147064,absent,1
ACC  2301 03 in 08B/108,147969,absent,1
ACC  2301 03 in 08B/108,155218,absent,1
ACC  2301 04 in 04/007,102402,absent,1
ACC  2301 04 in 04/007,120379,absent,1
ACC  2301 04 in 04/007,120962,absent,1
ACC  2301 04 in 04/007,145356,absent,1
ACC  2301 04 in 04/007,152793,absent,1
ACC  2301 04 in 04/007,76288,absent,1
ACC  2301 04 in 04/007,82956,absent,1
ACC  2301 04 in 04/007,96120,absent,1
ACC  2301 04 in 04/101,100765,absent,1
ACC  2301 04 in 04/101,119973,absent,1
ACC  2301 04 in 04/101,121861,absent,1
ACC  2301 04 in 04/101,122465,absent,1
ACC  2301 04 in 04/101,143276,absent,1
ACC  2301 04 in 04/101,145464,absent,1
ACC  2301 04 in 04/101,148275,absent,1
ACC  2301 04 in 04/101,148725,absent,1
ACC  2301 04 in 04/101,150788,absent,1
ACC  2301 05 in 08/013,122465,absent,1
ACC  2301 05 in 08/013,123847,late,1
ACC  2301 05 in 08/013,84207,late,1
ACC  2301 05 in 08/013,99422,absent,1
ACC  2301 06 in 04/101,120877,absent,1
ACC  2301 06 in 04/101,146654,absent,1
ACC  2301 07 in 04/108,120084,absent,1
ACC  2301 07 in 04/108,124315,absent,1
ACC  2301 07 in 04/108,135716,absent,1
ACC  2301 07 in 04/108,143543,absent,1
ACC  2301 07 in 04/108,148452,absent,1
ACC  2301 07 in 04/108,154647,absent,1
ACC  2301 08 in 08B/108,149336,absent,1
ACC  2301 08 in 08B/108,153151,absent,1
ACC  2301 08 in 08B/108,157406,absent,1
ACC  2301 08 in 08B/108,81087,absent,1
ACC  2302 01 in 04/001,103200,absent,1
ACC  2302 01 in 04/001,111275,absent,1
ACC  2302 01 in 04/001,113398,absent,1
ACC  2302 01 in 04/001,114034,absent,1
ACC  2302 01 in 04/001,124711,absent,1
ACC  2302 02 in 07/002,104233,absent,1
ACC  2302 02 in 07/002,115139,absent,1
ACC  2302 02 in 07/002,118067,absent,1
ACC  2302 02 in 07/002,121929,absent,1
ACC  2302 02 in 07/002,124513,absent,1
ACC  2302 02 in 07/002,147802,absent,1
ACC  2302 02 in 07/002,156678,absent,1
ACC  2302 03 in 04/105,118774,absent,1
ACC  2302 03 in 04/105,119635,absent,1
ACC  2302 03 in 04/105,120231,absent,1
ACC  2302 03 in 04/105,136430,absent,1
ACC  2302 03 in 04/105,143692,absent,1
ACC  2302 03 in 04/105,98931,absent,1
ACC  2302 04 in 04/002,137889,absent,1
ACC  2302 04 in 04/002,86363,late,1
ACC  2302 05 in 10/107,101121,absent,1
ACC  2302 05 in 10/107,105610,absent,1
ACC  2302 05 in 10/107,124199,absent,1
ACC  3201 01 in 09/104,100877,absent,1
ACC  3201 02 in 04/105,103033,absent,1
ACC  3201 02 in 04/105,82976,absent,1
ACC  3201 03 in 04/105,103163,absent,1
ACC  3201 03 in 04/105,108260,absent,1
ACC  3201 03 in 04/105,87689,absent,1
ACC  3201 03 in 04/105,90507,absent,1
ACC  3201 04 in 08B/108,100936,absent,1
ACC  3201 04 in 08B/108,101119,absent,1
ACC  3201 04 in 08B/108,103813,absent,1
ACC  3201 04 in 08B/108,116356,absent,1
ACC  4305 01 in 11/105,100736,late,1
ACC  4305 01 in 11/105,105984,absent,1
ACC  4305 01 in 11/105,84181,absent,1
ACC  4305 01 in 11/105,94353,absent,1
ACC  4305 01 in 11/105,94894,absent,1
ACC  4305 01 in 11/105,99954,absent,1
ALS  1001 01 in 08B/111,146670,absent,1
ALS  1001 01 in 08B/111,150670,absent,1
ALS  1001 01 in 08B/111,154229,absent,1
ALS  1001 01 in 08B/111,154922,absent,1
ALS  1001 01 in 08B/111,156779,absent,1
ALS  1001 02 in 08B/103,156549,absent,1
ALS  1001 03 in 08B/102,148747,absent,1
ALS  1001 04 in 10/004,144410,absent,1
ALS  1001 04 in 10/004,153893,absent,1
ALS  1001 04 in 10/004,155132,absent,1
ALS  1001 05 in 04/103,144463,absent,1
ALS  1001 05 in 04/103,158003,absent,1
ALS  1002 01 in 10/102,149131,absent,1
ALS  1002 02 in 08B/107,145159,late,1
ALS  1002 03 in 10/004,121861,absent,1
ALS  1002 03 in 10/004,156499,absent,1
ALS  1002 04 in 10/004,145005,absent,1
ALS  1002 04 in 10/004,145256,absent,1
ALS  1002 04 in 10/004,146303,absent,1
ALS  1002 04 in 10/004,147919,absent,1
ALS  1002 04 in 10/004,149457,absent,1
ALS  1002 04 in 10/004,155131,absent,1
ALS  1002 04 in 10/004,155815,absent,1
ALS  1002 04 in 10/004,156541,absent,1
ALS  1002 05 in 08B/218,156769,absent,1
ALS  1002 05 in 08B/218,158674,absent,1
ALS  1002 06 in 08/111,92629,absent,1
ALS  1002 08 in 05/107,142044,absent,1
ALS  1002 09 in 05/107,147994,absent,1
ALS  1002 09 in 05/107,149646,absent,1
ARA  1201 01 in 11/101,157957,absent,1
ARB  1201 01 in 10/004,159562,absent,1
ARB  1201 02 in 10/004,153613,absent,1
ARB  1202 02 in 06/111,153309,absent,1
ARB  1202 02 in 06/111,159595,absent,1
ARB  1241 03 in 08/013,154643,absent,1
ARB  1241 03 in 08/013,156193,absent,1
ARB  1241 04 in 06/106,148747,absent,1
ARB  1241 04 in 06/106,151391,absent,1
ARB  1241 04 in 06/106,154955,absent,1
ARB  1241 04 in 06/106,158674,absent,1
ARB  1241 05 in 06/008,146150,absent,1
ARB  1241 05 in 06/008,146335,absent,1
ARB  1241 05 in 06/008,150640,absent,1
ARB  1241 05 in 06/008,154929,absent,1
ARB  1241 06 in 08B/004,154885,absent,1
ARB  1241 06 in 08B/004,155132,absent,1
ARB  1241 06 in 08B/004,157051,absent,1
ARB  1241 10 in 08B/112,154113,absent,1
ARB  1241 10 in 08B/112,157416,absent,1
ARB  1241 10 in 08B/112,158003,absent,1
ARB  1241 11 in 08B/111,154428,absent,1
ARB  1241 11 in 08B/111,155214,absent,1
ARB  1241 11 in 08B/111,158245,absent,1
ARB  1241 12 in 10/107,142226,absent,1
ARB  1241 12 in 10/107,149024,absent,1
ARB  1241 12 in 10/107,150981,absent,1
ARD  1001 04 in 08B/101,151974,absent,1
ARD  1001 04 in 08B/101,157416,late,1
ARD  1001 05 in 08B/218,146670,absent,1
ARD  1001 05 in 08B/218,158003,absent,1
ARD  1001 05 in 08B/218,158245,absent,1
ARD  1001 05 in 08B/218,158404,absent,1
ARD  1002 01 in 10/105,150423,absent,1
ARD  1002 01 in 10/105,157331,absent,1
ARD  1002 02 in 08B/101,149097,absent,1
ARD  1002 02 in 08B/101,151028,absent,1
ARD  1002 03 in 08B/106,105815,absent,1
ARD  1002 03 in 08B/106,145660,absent,1
ARD  1002 03 in 08B/106,148127,absent,1
ARD  1002 03 in 08B/106,151085,absent,1
ARD  1002 03 in 08B/106,154050,absent,1
ARD  1002 03 in 08B/106,155579,absent,1
ARD  1002 03 in 08B/106,156499,absent,1
ARD  1002 03 in 08B/106,158674,absent,1
ARD  1002 04 in 08B/001,113185,absent,1
ARD  1002 04 in 08B/001,145363,absent,1
ARD  1002 04 in 08B/001,156623,absent,1
ARD  1002 05 in 08B/106,147916,absent,1
ARD  1002 05 in 08B/106,151487,absent,1
ARD  1002 06 in 11/008,145914,absent,1
ARD  1002 06 in 11/008,156108,late,1
ARD  1002 06 in 11/008,156715,absent,1
ARD  1002 06 in 11/008,156849,absent,1
ARD  1002 07 in 08B/104,146279,absent,1
ARD  1002 07 in 08B/104,148456,absent,1
ARD  1002 07 in 08B/104,148975,late,1
ARD  1002 07 in 08B/104,153711,absent,1
ARD  1002 07 in 08B/104,156820,late,1
ARD  1002 09 in 08B/218,154105,late,1
ARD  1002 09 in 08B/218,156769,absent,1
ARD  1002 10 in 11/008,155517,late,1
ART  1302 01 in 04/002,142345,absent,1
ART  1302 01 in 04/002,143353,late,1
ART  1302 01 in 04/002,92025,late,1
ART  1302 01 in 04/002,97039,late,1
ART  1302 02 in 04/007,107219,late,1
ART  1302 02 in 04/007,118438,late,1
ART  1302 02 in 04/007,94524,late,1
ART  1303 01 in 09/103,118558,late,1
ART  1303 01 in 09/103,84125,late,1
ART  1303 01 in 09/103,90592,absent,1
ART  1303 02 in 09/103,140439,late,1
ART  1303 02 in 09/103,154826,late,1
ART  1303 02 in 09/103,83695,late,1
ART  1303 02 in 09/103,84181,late,1
ART  1303 03 in 09/103,102034,absent,1
ART  1303 03 in 09/103,105610,absent,1
ART  1303 03 in 09/103,117386,absent,1
ART  1303 03 in 09/103,84266,absent,1
ART  1303 03 in 09/103,98836,absent,1
ART  1305 02 in 04/107,100044,absent,1
ART  1305 02 in 04/107,149760,absent,1
ART  1305 02 in 04/107,99691,absent,1
ART  3399 02 in 08B/004,101084,late,1
ART  3399 02 in 08B/004,123134,late,1
ART  3399 03 in 11/008,99901,absent,1
AWG  1001 01 in 08B/111,147837,absent,1
AWG  1001 01 in 08B/111,151391,absent,1
AWG  1001 01 in 08B/111,154229,absent,1
AWG  1001 02 in 04/103,146670,absent,1
AWG  1001 02 in 04/103,148747,absent,1
AWG  1001 02 in 04/103,151974,absent,1
AWG  1001 02 in 04/103,153278,absent,1
AWG  1001 02 in 04/103,157310,absent,1
AWG  1001 03 in 08B/218,146406,absent,1
AWG  1001 03 in 08B/218,157867,absent,1
AWG  1001 04 in 08B/111,145425,absent,1
AWG  1001 04 in 08B/111,153394,absent,1
AWG  1002 02 in 08B/001,103967,absent,1
AWG  1002 02 in 08B/001,125217,absent,1
AWG  1002 02 in 08B/001,154105,absent,1
AWG  1002 02 in 08B/001,157813,absent,1
AWG  1002 02 in 08B/001,159595,absent,1
AWG  1002 04 in 11/008,150445,absent,1
AWG  1002 04 in 11/008,154855,late,1
AWG  1002 05 in 08B/102,150423,absent,1
AWG  1002 05 in 08B/102,151149,absent,1
AWG  1002 05 in 08B/102,156519,absent,1
AWG  1002 05 in 08B/102,158859,absent,1
AWG  1002 05 in 08B/102,92629,absent,1
AWG  1002 06 in 08B/103,147916,absent,1
AWG  1002 06 in 08B/103,153711,absent,1
AWG  1002 07 in 08B/104,144840,absent,1
AWG  1002 07 in 08B/104,145225,late,1
AWG  1002 07 in 08B/104,156438,absent,1
AWG  1002 08 in 08B/106,145255,absent,1
AWG  1002 08 in 08B/106,151238,absent,1
AWG  1002 08 in 08B/106,153145,absent,1
AWG  1002 08 in 08B/106,154649,absent,1
AWG  1002 08 in 08B/106,154765,absent,1
AWG  1002 08 in 08B/106,156820,absent,1
AWG  1002 09 in 10/102,145914,absent,1
AWG  1002 09 in 10/102,149457,absent,1
AWG  1002 09 in 10/102,155131,absent,1
AWG  1002 09 in 10/102,155815,absent,1
AWG  1002 09 in 10/102,156559,absent,1
AWG  1002 11 in 10/102,145424,absent,1
AWG  1002 12 in 04/102,103623,absent,1
AWG  1002 13 in 05/107,145694,absent,1
AWG  1002 13 in 05/107,147994,absent,1
AWG  1002 14 in 08B/107,155579,absent,1
AWG  1002 15 in 08B/002,156769,absent,1
BAI  3301 02 in 05/003,100843,absent,1
BAI  3301 02 in 05/003,105841,absent,1
BAI  3301 02 in 05/003,89027,late,1
BAI  3399 01 in 09/104,100868,absent,1
BAI  3399 01 in 09/104,103033,absent,1
BAI  3399 01 in 09/104,113434,absent,1
BIO  1400 01   L in 05/005,143465,absent,1
BIO  1400 01   L in 05/005,150517,absent,1
BIO  1400 01   L in 05/005,98413,absent,1
BIO  1400 01 in 04/105,101502,absent,1
BIO  1400 01 in 04/105,135532,absent,1
BIO  1400 01 in 04/105,143465,absent,1
BIO  1400 01 in 04/105,158006,absent,1
BIO  1400 01 in 04/105,66924,absent,1
BIO  1400 01 in 04/105,77488,absent,1
BIO  1400 01 in 04/105,80062,absent,1
BIO  1400 01 in 04/105,94753,absent,1
BIO  1400 02   L in 05/005,100286,absent,1
BIO  1400 02   L in 05/005,121711,absent,1
BIO  1400 02   L in 05/005,122586,absent,1
BIO  1400 02   L in 05/005,77488,absent,1
BIO  1400 03   L in 05/005,66924,absent,1
BIO  1400 03   L in 05/005,94753,absent,1
BIO  1401 01 in 04/101,142909,absent,1
BIO  1401 01 in 04/101,73456,absent,1
BIO  1401 01 in 09/104,84451,absent,1
BIO  1401 01 in 09/104,86965,absent,1
BIO  1401 01 in 09/104,99758,absent,1
BIO  1401 03   L in 05/005,124013,absent,1
CHE  1302 01   L in 06/006,83204,absent,1
CHE  1302 01   L in 06/006,86365,absent,1
CHE  1302 01   L in 06/006,92452,absent,1
CHE  1302 02   L in 06/006,85868,absent,1
CHE  1302 02   L in 06/006,98831,absent,1
CHE  1302 02   L in 06/006,99342,absent,1
CHE  1302 03   L in 06/006,98325,absent,1
CHE  1400 01   L in 06/006,116045,absent,1
CHE  1400 01   L in 06/006,153112,absent,1
CHE  1400 01 in 06/003,116045,absent,1
CHE  1400 01 in 06/003,117884,absent,1
CHE  1400 01 in 06/003,119119,absent,1
CHE  1400 01 in 06/003,120101,absent,1
CHE  1400 01 in 06/003,121364,absent,1
CHE  1400 01 in 06/003,121990,absent,1
CHE  1400 01 in 06/003,122127,absent,1
CHE  1400 01 in 06/003,122917,absent,1
CHE  1400 01 in 06/003,130820,absent,1
CHE  1400 01 in 06/003,142037,absent,1
CHE  1400 01 in 06/003,150885,absent,1
CHE  1400 01 in 06/003,153112,absent,1
CHE  1400 02   L in 06/006,104548,absent,1
CHE  1400 02   L in 06/006,84475,absent,1
CHE  1400 02 in 06/003,148974,absent,1
CHE  1400 02 in 06/003,95754,absent,1
CHE  1400 03   L in 06/006,120825,absent,1
CHE  1400 03   L in 06/006,148974,absent,1
CHE  1400 03 in 06/003,104233,absent,1
CHE  1400 03 in 06/003,112316,absent,1
CHE  1400 03 in 06/003,118959,absent,1
CHE  1400 03 in 06/003,120403,absent,1
CHE  1400 03 in 06/003,120450,absent,1
CHE  1400 03 in 06/003,151924,absent,1
CHE  1400 03 in 06/003,98466,absent,1
CHE  1400 04 in 06/003,120825,absent,1
CHE  1400 04 in 06/003,81266,absent,1
CHE  1400 04 in 06/003,84181,absent,1
CHE  1400 04 in 06/003,85191,absent,1
CHE  1400 04 in 06/003,99958,absent,1
CHE  1400 06   L in 06/006,117340,absent,1
CHE  1400 06   L in 06/006,138345,absent,1
CHE  1400 07   L in 06/006,125591,absent,1
CHE  1400 07   L in 06/006,136489,absent,1
CHE  1400 08   L in 06/006,141660,absent,1
CHE  1400 09   L in 06/006,143625,absent,1
CHE  1401 01 in 06/003,101121,absent,1
CHE  1401 01 in 06/003,147086,absent,1
CHE  1401 01 in 06/003,149800,absent,1
CHE  1401 01 in 06/003,153129,absent,1
CHE  1401 01 in 06/003,157279,absent,1
CHE  1401 02   L in 06/006,101116,absent,1
CHE  1401 02   L in 06/006,141215,absent,1
CHE  1401 02   L in 06/006,143240,absent,1
CHE  1401 02 in 06/003,145157,absent,1
CHE  1401 02 in 06/003,145773,absent,1
CHE  1401 02 in 06/003,152130,absent,1
CHE  1401 03   L in 06/006,119747,absent,1
CHE  1401 03 in 06/003,142345,absent,1
CHE  1401 03 in 06/003,146279,absent,1
CHE  1401 04 in 06/003,113494,absent,1
CHE  1401 04 in 06/003,116752,absent,1
CHE  1401 04 in 06/003,76484,absent,1
CHE  1401 05 in 06/003,100485,absent,1
CHE  1401 05 in 06/003,102913,absent,1
CHE  1401 05 in 06/003,111797,absent,1
CHE  1401 05 in 06/003,119574,late,1
CHE  1401 05 in 06/003,90793,absent,1
CHE  1401 05 in 06/003,98392,absent,1
CHE  1401 06   L in 06/006,101850,absent,1
CHE  1401 06   L in 06/006,151031,late,1
CHE  1401 07   L in 06/006,149739,absent,1
CHE  1401 08   L in 06/006,136430,absent,1
CHE  1401 08   L in 06/006,149800,absent,1
CHE  1401 08   L in 06/006,155733,absent,1
CLT12,103882,late,1
CLT12,116839,absent,1
CLT12,135957,absent,1
CLT12,138261,absent,1
CLT12,141736,absent,1
CLT12,96236,absent,1
COM  1301 01 in 04/108,143353,absent,1
COM  1301 02 in 08/104,148151,absent,1
COM  1301 04 in 08B/002,100765,absent,1
COM  1301 04 in 08B/002,103683,absent,1
COM  1301 04 in 08B/002,148085,absent,1
COM  1301 05 in 08/114,143944,absent,1
COM  1301 05 in 08/114,147607,absent,1
COM  1301 05 in 08/114,149760,absent,1
COM  1301 06 in 08B/101,121929,absent,1
COM  1301 06 in 08B/101,122586,absent,1
COM  1301 06 in 08B/101,142767,absent,1
COM  1301 06 in 08B/101,143627,absent,1
COM  1301 07 in 08B/101,114810,absent,1
COM  1301 07 in 08B/101,120339,absent,1
COM  1301 07 in 08B/101,122045,absent,1
COM  1301 07 in 08B/101,141240,absent,1
COM  1301 07 in 08B/101,151572,absent,1
COM  1301 08 in 08B/101,118513,absent,1
COM  1301 08 in 08B/101,122826,absent,1
COM  1301 08 in 08B/101,146602,absent,1
COM  1301 08 in 08B/101,147367,absent,1
COM  1301 08 in 08B/101,148525,absent,1
COM  1301 08 in 08B/101,149527,absent,1
COM  1301 08 in 08B/101,99958,absent,1
COM  1301 09 in 08B/101,119805,absent,1
COM  1301 09 in 08B/101,119924,absent,1
COM  1301 09 in 08B/101,123522,absent,1
COM  1301 09 in 08B/101,139849,absent,1
COM  1301 09 in 08B/101,141939,absent,1
COM  1301 09 in 08B/101,150105,absent,1
COM  1301 09 in 08B/101,153502,absent,1
COM  1301 10 in 04/002,121792,absent,1
COM  1301 10 in 04/002,136227,absent,1
COM  1301 10 in 04/002,148725,absent,1
COM  1301 10 in 04/002,148815,late,1
COM  1301 10 in 04/002,86786,absent,1
COM  1301 10 in 04/002,90402,absent,1
COM  1301 11 in 04/007,120918,absent,1
COM  1301 11 in 04/007,140515,absent,1
COM  1301 11 in 04/007,150504,absent,1
COM  1301 12 in 06/106,118924,absent,1
COM  1301 14 in 11/105,157585,absent,1
COM  1301 15 in 10/107,145356,absent,1
COM  1301 15 in 10/107,145432,late,1
COM  1301 15 in 10/107,146965,late,1
COM  1301 15 in 10/107,147180,late,1
COM  1301 15 in 10/107,148273,late,1
COM  1301 15 in 10/107,154569,late,1
COM  1301 15 in 10/107,156102,late,1
COM  1301 15 in 10/107,156716,late,1
COM  1301 15 in 10/107,157029,absent,1
COM  1301 16 in 11/101,125632,late,1
COM  1301 16 in 11/101,147218,late,1
COM  1301 16 in 11/101,149422,late,1
COM  1301 17 in 08B/AUD,119647,late,1
COM  1301 17 in 08B/AUD,120038,absent,1
COM  1301 17 in 08B/AUD,145290,late,1
COM  1301 17 in 08B/AUD,146126,late,1
COM  1301 17 in 08B/AUD,146176,late,1
COM  1301 17 in 08B/AUD,146282,late,1
COM  1301 17 in 08B/AUD,149305,late,1
COM  1301 17 in 08B/AUD,149578,late,1
COM  1301 17 in 08B/AUD,154777,late,1
COM  1301 18 in 08B/101,143031,absent,1
COM  1301 18 in 08B/101,143318,absent,1
COM  1301 18 in 08B/101,150517,absent,1
COM  1301 18 in 08B/101,154928,absent,1
COM  1301 19 in 08B/101,145643,absent,1
COM  1301 20 in 04/107,145297,absent,1
COM  1301 20 in 04/107,149887,absent,1
COM  1301 21 in 04/102,118833,absent,1
COM  1301 21 in 04/102,124199,absent,1
COM  1301 21 in 04/102,148104,late,1
COM  1301 22 in 11/101,120231,absent,1
COM  1301 22 in 11/101,120767,absent,1
COM  1301 22 in 11/101,122631,absent,1
COM  1301 22 in 11/101,141315,absent,1
COM  1301 24 in 11/105,143034,absent,1
COM  1301 24 in 11/105,149515,absent,1
COM  1301 25 in 06/008,117333,late,1
COM  1301 25 in 06/008,118774,absent,1
COM  1301 25 in 06/008,125503,absent,1
COM  1301 26 in 11/105,114384,absent,1
COM  1304 01 in 04/106,120395,absent,1
COM  1304 01 in 04/106,122105,absent,1
COM  1304 01 in 04/106,135475,absent,1
COM  1304 02 in 04/101,120102,absent,1
COM  1304 02 in 04/101,121634,absent,1
COM  1304 02 in 04/101,122373,absent,1
COM  1304 02 in 04/101,125143,absent,1
COM  1304 02 in 04/101,141648,absent,1
COM  1304 02 in 04/101,84346,absent,1
COM  1304 02 in 04/101,94614,absent,1
COM  2403 01   L,101989,absent,1
COM  2403 01   L,112360,absent,1
COM  2403 02   L,76484,absent,1
COM  2403 02 in 08/003,158112,absent,1
COM  2403 02 in 08/003,76484,absent,1
COM  2404 01   L,119087,absent,1
COM  2404 01 in 11/008,119087,late,1
COM  2404 01 in 11/008,124423,absent,1
COM  2427 01 in 08/003,73456,absent,1
COM  2427 01 in 08/003,83612,absent,1
COM  2427 01 in 08/003,89028,absent,1
COM  2427 02   L,78723,absent,1
COM  2427 02   L,91860,absent,1
COM  2427 02 in 08/003,101422,late,1
COM  2427 02 in 08/003,78723,late,1
COM  2427 02 in 08/003,91860,absent,1
COM  2427 03   L,96119,absent,1
COM  2427 03 in 08B/110,104528,late,1
COM  2427 03 in 08B/110,116977,absent,1
COM  2427 03 in 08B/110,119475,absent,1
COM  2427 03 in 08B/110,85518,absent,1
COM  2427 03 in 08B/110,91543,absent,1
COM  2427 04 in 08B/110,100821,absent,1
COM  2427 04 in 08B/110,101483,absent,1
COM  2427 04 in 08B/110,110583,late,1
COM  2427 04 in 08B/110,66924,absent,1
COM  2427 04 in 08B/110,84741,absent,1
COM  2427 04 in 08B/110,86974,absent,1
COM  3301 01 in 10/105,104528,absent,1
COM  3301 01 in 10/105,158156,absent,1
COM  3301 01 in 10/105,79925,absent,1
COM  3301 01 in 10/105,84447,absent,1
COM  3303 01 in 08/114,104520,absent,1
COM  3303 01 in 08/114,77329,late,1
COM  3303 01 in 08/114,78362,absent,1
COM  3303 01 in 08/114,85003,late,1
COM  3303 01 in 08/114,97884,late,1
COM  3304 01 in 04/002,79916,absent,1
COM  3304 01 in 04/002,80106,absent,1
COM  3304 01 in 04/002,80434,absent,1
COM  3304 01 in 04/002,86330,absent,1
COM  3304 01 in 04/002,91161,absent,1
COM  3321 02 in 08B/004,101119,late,1
COM  3321 02 in 08B/004,102199,late,1
COM  3321 02 in 08B/004,157994,absent,1
COM  3321 02 in 08B/004,66470,late,1
COM  3321 02 in 08B/004,78723,late,1
COM  3321 02 in 08B/004,91543,absent,1
COM  3321 02 in 08B/004,92364,late,1
COM  3402 01   L,102199,absent,1
COM  4405 01   L,104520,absent,1
COM  4405 01   L,80434,absent,1
COM  4405 01 in 08/014,104520,absent,1
COM  4405 01 in 08/014,78915,absent,1
COM  4405 01 in 08/014,80106,absent,1
COM  4405 01 in 08/014,93857,absent,1
COM  5315 01 in 08/104,144145,absent,1
COM  5318 01 in 08/003,76804,absent,1
COM  5318 01 in 08/003,81816,absent,1
COM  5318 01 in 08/003,83506,absent,1
COM  5318 01 in 08/003,84250,absent,1
COM  5318 01 in 08/003,96054,late,1
COM  5398 02 in 05/107,74562,absent,1
COM  5398 02 in 05/107,80572,absent,1
CSC  1300 01 in 07/2,135763,absent,1
CSC  1300 01 in 07/2,145811,absent,1
CSC  1300 01 in 07/2,146037,absent,1
CSC  1300 01 in 07/2,157462,absent,1
CSC  1300 02 in 07/2,100926,absent,1
CSC  1300 02 in 07/2,100936,absent,1
CSC  1300 02 in 07/2,102034,absent,1
CSC  1300 02 in 07/2,112878,absent,1
CSC  1300 02 in 07/2,118959,absent,1
CSC  1300 02 in 07/2,120238,absent,1
CSC  1300 02 in 07/2,120664,absent,1
CSC  1300 02 in 07/2,122045,late,1
CSC  1300 02 in 07/2,122339,absent,1
CSC  1300 02 in 07/2,122917,absent,1
CSC  1300 02 in 07/2,135495,late,1
CSC  1300 02 in 07/2,139849,late,1
CSC  1300 02 in 07/2,142211,absent,1
CSC  1300 02 in 07/2,143461,late,1
CSC  1300 02 in 07/2,146177,absent,1
CSC  1300 02 in 07/2,86974,late,1
CSC  1300 02 in 07/2,94275,late,1
CSC  1300 02 in 07/2,98836,absent,1
CSC  1300 03 in 07/2,135532,absent,1
CSC  1300 03 in 07/2,157406,absent,1
CSC  1300 04 in 07/2,104233,absent,1
CSC  1300 04 in 07/2,144850,absent,1
CSC  1300 04 in 07/2,148402,absent,1
CSC  1300 04 in 07/2,154113,absent,1
CSC  1300 04 in 07/2,156555,absent,1
CSC  1300 04 in 07/2,157239,absent,1
CSC  1300 04 in 07/2,157414,absent,1
CSC  1300 05 in 07/2,120825,absent,1
CSC  1300 05 in 07/2,122013,absent,1
CSC  1300 05 in 07/2,141936,absent,1
CSC  1300 05 in 07/2,145881,absent,1
CSC  1300 05 in 07/2,159562,absent,1
CSC  1300 05 in 07/2,159595,absent,1
CSC  1300 05 in 07/2,95258,absent,1
CSC  1300 06 in 05/003,135716,absent,1
CSC  1300 06 in 05/003,146855,absent,1
CSC  1300 06 in 05/003,154777,absent,1
CSC  1401 01   L in 05/003,119525,absent,1
CSC  1401 01   L in 05/003,119872,absent,1
CSC  1401 01   L in 05/003,148365,absent,1
CSC  1401 01   L in 05/003,148809,absent,1
CSC  1401 01   L in 05/003,149894,absent,1
CSC  1401 01 in 07/003,141478,absent,1
CSC  1401 01 in 07/003,144082,absent,1
CSC  1401 02   L in 05/003,145424,absent,1
CSC  1401 02   L in 05/003,145425,absent,1
CSC  1401 02   L in 05/003,145804,absent,1
CSC  1401 02   L in 05/003,147914,absent,1
CSC  1401 02   L in 05/003,157667,absent,1
CSC  1401 02 in 04/002,113115,absent,1
CSC  1401 02 in 04/002,121109,absent,1
CSC  1401 02 in 04/002,144120,absent,1
CSC  1401 02 in 04/002,145397,absent,1
CSC  1401 02 in 04/002,145424,absent,1
CSC  1401 02 in 04/002,145804,absent,1
CSC  1401 02 in 04/002,148365,absent,1
CSC  1401 02 in 04/002,148488,absent,1
CSC  1401 02 in 04/002,148809,absent,1
CSC  1401 02 in 04/002,152130,absent,1
CSC  1401 02 in 04/002,156627,absent,1
CSC  1401 02 in 04/002,156716,absent,1
CSC  1401 02 in 04/002,157557,late,1
CSC  1401 02 in 04/002,99057,absent,1
CSC  1401 03   L in 05/003,140345,absent,1
CSC  1401 03   L in 05/003,149305,absent,1
CSC  1401 03   L in 05/003,156849,absent,1
CSC  1401 04   L in 05/003,113115,absent,1
CSC  1401 04   L in 05/003,153711,absent,1
CSC  1401 04   L in 05/003,99057,absent,1
CSC  1401 04 in 04/001,141315,absent,1
CSC  1401 04 in 04/001,148525,late,1
CSC  1401 04 in 04/001,148618,absent,1
CSC  1401 04 in 04/001,148821,late,1
CSC  1401 04 in 04/001,150183,late,1
CSC  1401 04 in 04/001,152497,absent,1
CSC  1401 04 in 04/001,155219,absent,1
CSC  1401 06   L in 05/003,143656,absent,1
CSC  1401 06   L in 05/003,148488,absent,1
CSC  1401 07   L in 05/003,156872,absent,1
CSC  1401 07   L in 05/003,158286,absent,1
CSC  1401 07 in 07/003,145847,late,1
CSC  1401 07 in 07/003,155131,absent,1
CSC  1401 07 in 07/003,157227,absent,1
CSC  1401 08   L in 05/003,104927,absent,1
CSC  1401 08   L in 05/003,141315,absent,1
CSC  1401 08   L in 05/003,145458,absent,1
CSC  1401 08   L in 05/003,153129,absent,1
CSC  1401 08   L in 05/003,158499,absent,1
CSC  1401 08 in 04/107,145256,absent,1
CSC  1401 08 in 04/107,149272,late,1
CSC  1401 08 in 04/107,149894,absent,1
CSC  1401 09 in 09/104,145425,absent,1
CSC  1401 09 in 09/104,145830,absent,1
CSC  1401 09 in 09/104,146279,late,1
CSC  1401 09 in 09/104,155791,late,1
CSC  1401 09 in 09/104,155863,late,1
CSC  1401 09 in 09/104,156849,late,1
CSC  1401 09 in 09/104,157029,absent,1
CSC  1401 10   L in 05/003,146367,late,1
CSC  1401 10   L in 05/003,149686,late,1
CSC  1401 10   L in 05/003,151771,absent,1
CSC  1401 10   L in 05/003,152130,absent,1
CSC  1401 11   L in 05/003,148679,absent,1
CSC  1401 11   L in 05/003,156627,absent,1
CSC  1402 01   L in 05/003,142345,absent,1
CSC  1402 01   L in 05/003,149228,absent,1
CSC  1402 01   L in 05/003,83220,absent,1
CSC  1402 01 in 04/003,120677,absent,1
CSC  1402 01 in 04/003,144631,absent,1
CSC  1402 01 in 04/003,157495,absent,1
CSC  1402 01 in 04/003,83220,absent,1
CSC  1402 02   L in 05/003,148629,absent,1
CSC  1402 02 in 06/008,142345,absent,1
CSC  1402 02 in 06/008,146064,absent,1
CSC  1402 02 in 06/008,146335,absent,1
CSC  1402 02 in 06/008,146979,absent,1
CSC  1402 02 in 06/008,148629,absent,1
CSC  2302 01 in 08B/108,120132,absent,1
CSC  2302 01 in 08B/108,147154,late,1
CSC  2302 01 in 08B/108,65688,absent,1
CSC  2302 02 in 07/003,144618,absent,1
CSC  2302 02 in 07/003,147086,absent,1
CSC  2302 02 in 07/003,150983,absent,1
CSC  2302 05 in 08B/108,143055,absent,1
CSC  2302 05 in 08B/108,145031,absent,1
CSC  2302 05 in 08B/108,147772,late,1
CSC  2302 06 in 04/004,146965,absent,1
CSC  2302 06 in 04/004,148811,late,1
CSC  2302 06 in 04/004,152527,absent,1
CSC  2302 06 in 04/004,90402,absent,1
CSC  2302 08 in 04/105,122373,absent,1
CSC  2302 08 in 04/105,147339,absent,1
CSC  2302 08 in 04/105,149047,absent,1
CSC  2302 09 in 04/104,117348,absent,1
CSC  2302 09 in 04/104,122819,absent,1
CSC  2302 09 in 04/104,136155,absent,1
CSC  2302 09 in 04/104,142636,late,1
CSC  2302 09 in 04/104,146909,absent,1
CSC  2302 09 in 04/104,148580,late,1
CSC  2302 09 in 04/104,148723,absent,1
CSC  2302 09 in 04/104,149494,absent,1
CSC  2302 09 in 04/104,155492,late,1
CSC  2302 09 in 04/104,155744,late,1
CSC  2302 09 in 04/104,87653,absent,1
CSC  2305 01 in 04/106,100246,absent,1
CSC  2305 01 in 04/106,102469,absent,1
CSC  2305 01 in 04/106,103078,absent,1
CSC  2305 01 in 04/106,111275,absent,1
CSC  2305 01 in 04/106,111670,absent,1
CSC  2305 01 in 04/106,116752,absent,1
CSC  2305 01 in 04/106,119062,absent,1
CSC  2305 01 in 04/106,138951,absent,1
CSC  2305 01 in 04/106,87764,absent,1
CSC  2305 01 in 04/106,96840,absent,1
CSC  2305 01 in 04/106,97132,absent,1
CSC  2305 01 in 09/104,120888,late,1
CSC  2305 01 in 09/104,123628,absent,1
CSC  2305 03 in 04/104,109328,absent,1
CSC  2305 03 in 04/104,113696,absent,1
CSC  2305 03 in 04/104,114461,absent,1
CSC  2305 03 in 04/104,120506,absent,1
CSC  2305 03 in 04/104,124013,absent,1
CSC  2305 03 in 04/104,81366,absent,1
CSC  2305 03 in 04/104,83892,late,1
CSC  2305 03 in 04/104,84422,late,1
CSC  2305 03 in 04/104,99758,absent,1
CSC  2306 01 in 11/101,101429,absent,1
CSC  2306 01 in 11/101,103078,absent,1
CSC  2306 01 in 11/101,116629,absent,1
CSC  2306 01 in 11/101,117101,absent,1
CSC  2306 01 in 11/101,118801,absent,1
CSC  2306 01 in 11/101,119799,absent,1
CSC  2306 01 in 11/101,122826,absent,1
CSC  2306 01 in 11/101,124275,absent,1
CSC  2306 01 in 11/101,137472,absent,1
CSC  2306 01 in 11/101,137611,absent,1
CSC  2306 01 in 11/101,138571,absent,1
CSC  2306 01 in 11/101,138857,absent,1
CSC  2306 01 in 11/101,143123,absent,1
CSC  2306 01 in 11/101,144159,absent,1
CSC  2306 01 in 11/101,144637,absent,1
CSC  2306 01 in 11/101,85174,absent,1
CSC  2306 01 in 11/101,86965,absent,1
CSC  2306 01 in 11/101,89479,absent,1
CSC  2306 01 in 11/101,97404,absent,1
CSC  2306 06 in 11/003,119020,absent,1
CSC  2306 06 in 11/003,136965,absent,1
CSC  2306 06 in 11/003,142598,absent,1
CSC  2309 01 in 04/007,135593,absent,1
CSC  2309 01 in 04/007,146487,absent,1
CSC  2309 01 in 04/007,77650,absent,1
CSC  2309 01 in 04/007,81087,absent,1
CSC  2309 02 in 04/007,113494,absent,1
CSC  2309 02 in 04/007,136011,absent,1
CSC  2309 02 in 04/007,144586,absent,1
CSC  2309 02 in 04/007,150207,absent,1
CSC  2309 02 in 04/007,155025,absent,1
CSC  3315 01 in 04/105,101788,absent,1
CSC  3315 01 in 04/105,111797,absent,1
CSC  3315 01 in 04/105,99876,absent,1
CSC  3315 02 in 04/104,80181,absent,1
CSC  3315 03 in 04/105,100246,absent,1
CSC  3315 03 in 04/105,103111,absent,1
CSC  3315 03 in 04/105,103184,absent,1
CSC  3315 03 in 04/105,118436,absent,1
CSC  3315 03 in 04/105,140818,absent,1
CSC  3315 03 in 04/105,88793,absent,1
CSC  3323 02 in 08B/106,100485,late,1
CSC  3323 02 in 08B/106,101139,absent,1
CSC  3323 02 in 08B/106,102720,late,1
CSC  3323 02 in 08B/106,102808,absent,1
CSC  3323 02 in 08B/106,103080,late,1
CSC  3323 02 in 08B/106,105803,late,1
CSC  3323 02 in 08B/106,117873,absent,1
CSC  3323 02 in 08B/106,119490,late,1
CSC  3323 02 in 08B/106,119574,absent,1
CSC  3323 02 in 08B/106,140818,absent,1
CSC  3324 01 in 06/106,103184,absent,1
CSC  3324 01 in 06/106,118436,absent,1
CSC  3324 01 in 06/106,120379,absent,1
CSC  3324 04 in 04/104,101317,absent,1
CSC  3324 04 in 04/104,118227,absent,1
CSC  3326 03 in 04/001,100485,absent,1
CSC  3326 03 in 04/001,101043,absent,1
CSC  3326 03 in 04/001,101139,absent,1
CSC  3326 03 in 04/001,101285,absent,1
CSC  3326 03 in 04/001,101287,absent,1
CSC  3326 03 in 04/001,101369,absent,1
CSC  3326 03 in 04/001,102197,absent,1
CSC  3326 03 in 04/001,108515,absent,1
CSC  3326 03 in 04/001,112395,absent,1
CSC  3326 03 in 04/001,120102,absent,1
CSC  3326 03 in 04/001,121949,absent,1
CSC  3326 03 in 04/001,122105,absent,1
CSC  3326 03 in 04/001,123902,absent,1
CSC  3326 03 in 04/001,140818,absent,1
CSC  3326 03 in 04/001,141648,absent,1
CSC  3326 03 in 04/001,142909,absent,1
CSC  3326 03 in 04/001,86965,absent,1
CSC  3326 03 in 04/001,87027,absent,1
CSC  3326 03 in 04/001,88793,absent,1
CSC  3326 03 in 04/001,97271,absent,1
CSC  3326 04 in 04/104,100246,absent,1
CSC  3326 04 in 04/104,119756,absent,1
CSC  3326 05 in 04/001,108320,absent,1
CSC  3326 05 in 04/001,99876,absent,1
CSC  3331 01 in OFFF/ONLIN,85317,absent,1
CSC  3331 01 in OFFF/ONLIN,85845,absent,1
CSC  3331 01 in OFFF/ONLIN,89447,absent,1
CSC  3351 01 in 04/004,101112,absent,1
CSC  3351 01 in 04/004,84606,late,1
CSC  3351 02 in 04/106,102128,absent,1
CSC  3351 02 in 04/106,105842,absent,1
CSC  3351 02 in 04/106,85778,absent,1
CSC  3371 01 in 07/107,82212,absent,1
CSC  3371 01 in 07/107,95568,absent,1
CSC  3371 03 in 04/104,101422,absent,1
CSC  3371 03 in 04/104,112143,absent,1
CSC  3371 03 in 04/104,118680,absent,1
CSC  3371 03 in 04/104,84098,absent,1
CSC  3371 03 in 04/104,84221,absent,1
CSC  3371 03 in 04/104,84862,absent,1
CSC  3371 03 in 04/104,87667,absent,1
CSC  3371 03 in 04/104,91329,absent,1
CSC  3371 03 in 04/104,96706,absent,1
CSC  3371 03 in 04/104,99482,absent,1
CSC  3371 03 in 04/104,99863,absent,1
CSC  4301 02 in 08B/108,101112,absent,1
CSC  4301 02 in 08B/108,84451,absent,1
CSC  4307 02 in 04/108,113363,absent,1
CSC  4307 02 in 04/108,85161,absent,1
CSC  4307 02 in 04/108,89340,absent,1
CSC  4307 02 in 04/108,92805,absent,1
CSC  4307 02 in 04/108,98646,absent,1
CSC  4307 03 in 04/102,100535,absent,1
CSC  4307 03 in 04/102,118917,absent,1
CSC  4307 03 in 04/102,84764,late,1
CSC  4307 03 in 04/102,89447,absent,1
CSC  4307 03 in 04/102,91044,absent,1
CSC  4307 03 in 04/102,92201,absent,1
CSC  4308 01 in 08B/106,94519,late,1
CSC  4308 02 in 04/007,85936,absent,1
CSC  4308 02 in 04/007,98698,absent,1
CSC  5345 01 in 10/105,80381,absent,1
CSC  5354 01 in 08/014,80381,absent,1
CSC  5382 01 in 08B/002,80561,absent,1
ECO  1300 02 in 04/003,121059,absent,1
ECO  1300 02 in 04/003,121792,absent,1
ECO  1300 02 in 04/003,125008,absent,1
ECO  1300 02 in 04/003,135527,absent,1
ECO  1300 02 in 04/003,97271,absent,1
ECO  2301 01 in 04/108,122013,absent,1
ECO  2301 01 in 04/108,124199,absent,1
ECO  2301 01 in 04/108,142044,absent,1
ECO  2301 01 in 04/108,143069,absent,1
ECO  2301 01 in 04/108,148563,late,1
ECO  2301 01 in 04/108,154407,absent,1
ECO  2301 02 in 04/007,123338,absent,1
ECO  2301 02 in 04/007,148809,absent,1
ECO  2301 02 in 04/007,154647,absent,1
ECO  2301 02 in 07/003,151255,absent,1
ECO  2301 02 in 07/003,151922,absent,1
ECO  2301 02 in 07/003,92160,absent,1
ECO  2301 03 in 04/007,118737,absent,1
ECO  2301 03 in 04/007,120231,late,1
ECO  2301 03 in 04/007,120962,absent,1
ECO  2301 03 in 04/007,135514,absent,1
ECO  2301 03 in 04/007,144900,absent,1
ECO  2301 03 in 04/007,151075,late,1
ECO  2301 03 in 04/007,154281,late,1
ECO  2301 03 in 08B/108,116114,absent,1
ECO  2301 03 in 08B/108,144658,absent,1
ECO  2301 03 in 08B/108,148275,absent,1
ECO  2301 04 in 04/002,114432,absent,1
ECO  2301 04 in 04/002,125217,absent,1
ECO  2301 04 in 04/002,152242,absent,1
ECO  2301 04 in 04/002,156580,absent,1
ECO  2301 05 in 07/003,122730,absent,1
ECO  2301 05 in 07/003,144658,absent,1
ECO  2301 05 in 07/003,145602,absent,1
ECO  2301 05 in 07/003,145643,absent,1
ECO  2301 05 in 07/003,148036,absent,1
ECO  2301 05 in 07/003,148151,absent,1
ECO  2301 05 in 07/003,149833,absent,1
ECO  2301 05 in 07/003,155996,absent,1
ECO  2301 05 in 07/003,99422,absent,1
ECO  2301 06 in 04/102,110229,absent,1
ECO  2301 06 in 04/102,119536,absent,1
ECO  2301 06 in 04/102,143136,absent,1
ECO  2301 06 in 04/102,145737,absent,1
ECO  2301 06 in 04/102,145879,absent,1
ECO  2301 06 in 04/102,147429,absent,1
ECO  2302 01 in 04/104,100765,absent,1
ECO  2302 01 in 04/104,115744,absent,1
ECO  2302 01 in 04/104,117669,absent,1
ECO  2302 01 in 04/104,120664,absent,1
ECO  2302 01 in 04/104,121647,absent,1
ECO  2302 01 in 04/104,121929,absent,1
ECO  2302 01 in 04/104,130820,absent,1
ECO  2302 01 in 04/104,142639,absent,1
ECO  2302 01 in 04/104,143798,absent,1
ECO  2302 02 in 08B/108,105610,absent,1
ECO  2302 02 in 08B/108,117940,absent,1
ECO  2302 02 in 08B/108,118192,absent,1
ECO  2302 02 in 08B/108,119942,absent,1
ECO  2302 02 in 08B/108,120793,absent,1
ECO  2302 02 in 08B/108,120999,absent,1
ECO  2302 02 in 08B/108,121452,absent,1
ECO  2302 02 in 08B/108,122235,absent,1
ECO  2302 02 in 08B/108,123847,absent,1
ECO  2302 02 in 08B/108,125207,absent,1
ECO  2302 02 in 08B/108,137550,absent,1
ECO  2302 02 in 08B/108,138883,absent,1
ECO  2302 02 in 08B/108,141832,absent,1
ECO  2302 02 in 08B/108,143465,absent,1
ECO  2302 02 in 08B/108,143939,absent,1
ECO  2302 02 in 08B/108,84968,absent,1
ECO  2302 03 in 04/004,120061,absent,1
ECO  2302 03 in 04/004,124927,absent,1
ECO  2302 03 in 04/004,142211,absent,1
ECO  2302 05 in 04/001,100967,absent,1
ECO  2302 05 in 04/001,117307,absent,1
ECO  2302 05 in 04/001,117634,absent,1
ECO  2302 05 in 04/001,119781,absent,1
ECO  2302 05 in 04/001,123724,absent,1
ECO  2302 05 in 04/001,123764,absent,1
ECO  2302 05 in 04/001,144120,absent,1
EGR  2201 02 in 07/107,99387,absent,1
EGR  2210 01 in 11/101,101519,absent,1
EGR  2210 01 in 11/101,114871,absent,1
EGR  2210 01 in 11/101,117688,absent,1
EGR  2210 01 in 11/101,125007,absent,1
EGR  2210 01 in 11/101,140815,absent,1
EGR  2210 01 in 11/101,85305,absent,1
EGR  2210 01 in 11/101,85868,absent,1
EGR  2210 01 in 11/101,99759,absent,1
EGR  2301 01 in 04/003,140815,absent,1
EGR  2302 03 in 08B/004,105577,absent,1
EGR  2302 03 in 08B/004,116752,absent,1
EGR  2302 04 in 08B/103,124743,absent,1
EGR  2302 04 in 08B/103,138123,absent,1
EGR  2302 04 in 08B/103,138857,absent,1
EGR  2302 04 in 08B/103,145804,absent,1
EGR  2302 04 in 08B/103,85807,absent,1
EGR  2302 05 in 04/105,119358,absent,1
EGR  2302 05 in 04/105,120198,absent,1
EGR  2302 05 in 04/105,121223,absent,1
EGR  2302 05 in 04/105,121321,late,1
EGR  2302 05 in 04/105,125129,late,1
EGR  2302 05 in 04/105,125634,absent,1
EGR  2302 05 in 04/105,143543,late,1
EGR  2302 05 in 04/105,87653,absent,1
EGR  2302 05 in 04/105,95030,absent,1
EGR  2302 07 in 04/104,120748,absent,1
EGR  2302 07 in 04/104,120888,late,1
EGR  2302 07 in 04/104,124013,late,1
EGR  2302 07 in 04/104,136965,absent,1
EGR  2302 07 in 04/104,140895,absent,1
EGR  2302 07 in 04/104,142636,absent,1
EGR  2302 07 in 04/104,143296,absent,1
EGR  2302 07 in 04/104,88948,absent,1
EGR  2302 07 in 04/104,97990,absent,1
EGR  2302 08 in 04/004,119747,absent,1
EGR  2302 08 in 04/004,120102,late,1
EGR  2302 08 in 04/004,125055,absent,1
EGR  2302 08 in 04/004,139844,absent,1
EGR  2311 01 in 06/106,103118,absent,1
EGR  2311 01 in 06/106,115195,absent,1
EGR  2402 01   L in 09/EGR,84748,absent,1
EGR  2402 01   L in 09/EGR,95436,absent,1
EGR  2402 01 in 04/104,65688,absent,1
EGR  2402 01 in 04/104,84617,absent,1
EGR  2402 01 in 04/104,84748,absent,1
EGR  2402 01 in 04/104,95436,absent,1
EGR  2402 01 in 04/104,96761,absent,1
EGR  2402 01 in 04/104,98325,absent,1
EGR  2402 01 in 04/104,99657,absent,1
EGR  2402 01 in 10/105,101519,absent,1
EGR  2402 01 in 10/105,112669,absent,1
EGR  2402 01 in 10/105,121340,absent,1
EGR  2402 01 in 10/105,140895,absent,1
EGR  2402 01 in 10/105,98003,absent,1
EGR  2402 01 in 10/105,99759,absent,1
EGR  2402 02   L in 09/EGR,101751,late,1
EGR  2402 02   L in 09/EGR,102679,late,1
EGR  2402 02   L in 09/EGR,107770,late,1
EGR  2402 02   L in 09/EGR,116859,late,1
EGR  2402 02   L in 09/EGR,84617,late,1
EGR  2402 02   L in 09/EGR,96761,late,1
EGR  2402 02   L in 09/EGR,98325,late,1
EGR  3301 01   L,85570,absent,1
EGR  3301 01   L,94638,absent,1
EGR  3301 01   L,97726,late,1
EGR  3301 01 in 08B/217,94638,absent,1
EGR  3301 02   L,94212,absent,1
EGR  3302 01 in 04/106,100914,absent,1
EGR  3304 01 in 04/102,106411,absent,1
EGR  3304 01 in 04/102,79731,absent,1
EGR  3304 01 in 04/102,85363,absent,1
EGR  3304 01 in 04/102,90461,absent,1
EGR  3304 01 in 04/102,91684,absent,1
EGR  3304 01 in 04/102,96761,absent,1
EGR  3304 01 in 04/102,97271,absent,1
EGR  3305 01 in 08B/001,117298,absent,1
EGR  3305 01 in 08B/001,86729,absent,1
EGR  3305 01 in 08B/001,87474,absent,1
EGR  3305 01 in 08B/001,90329,absent,1
EGR  3310 01 in 08B/106,101777,absent,1
EGR  3310 01 in 08B/106,96123,absent,1
EGR  3314 01 in 06/111,84396,absent,1
EGR  3314 01 in 06/111,94469,absent,1
EGR  3314 01 in 06/111,96123,absent,1
EGR  3316 01 in 06/111,114277,absent,1
EGR  3316 01 in 06/111,97862,absent,1
EGR  3319 01 in 10/007,84396,absent,1
EGR  3319 01 in 10/007,94212,absent,1
EGR  3319 01 in 10/007,94469,absent,1
EGR  3319 01 in 10/007,96123,absent,1
EGR  3331 02 in 07/107,107540,absent,1
EGR  3331 02 in 07/107,113826,absent,1
EGR  3331 02 in 07/107,117017,absent,1
EGR  3331 02 in 07/107,117644,absent,1
EGR  3331 02 in 07/107,121340,absent,1
EGR  3331 02 in 07/107,92452,absent,1
EGR  3331 02 in 07/107,94945,absent,1
EGR  3392 01 in 04/002,84214,late,1
EGR  3392 01 in 04/002,84503,late,1
EGR  3392 01 in 04/002,98833,absent,1
EGR  4402 01   L in 04/AUD,77018,absent,1
EGR  4402 01   L in 04/AUD,77045,absent,1
EGR  4402 01   L in 04/AUD,77822,absent,1
EGR  4402 01   L in 04/AUD,79873,absent,1
EGR  4402 01   L in 04/AUD,80067,absent,1
EGR  4402 01   L in 04/AUD,81141,absent,1
EGR  4402 01   L in 04/AUD,81617,absent,1
EGR  4402 01   L in 04/AUD,82008,absent,1
EGR  4402 01   L in 04/AUD,82212,absent,1
EGR  4402 01   L in 04/AUD,83417,absent,1
EGR  4402 01   L in 04/AUD,84098,absent,1
EGR  4402 01   L in 04/AUD,84364,absent,1
EGR  4402 01   L in 04/AUD,84451,absent,1
EGR  4402 01   L in 04/AUD,84530,absent,1
EGR  4402 01   L in 04/AUD,85425,absent,1
EGR  4402 01   L in 04/AUD,85494,absent,1
EGR  4402 01   L in 04/AUD,88022,absent,1
EGR  4402 01   L in 04/AUD,88676,absent,1
EGR  4402 01   L in 04/AUD,89431,absent,1
EGR  4402 01   L in 04/AUD,92340,absent,1
EGR  4402 01   L in 04/AUD,93073,absent,1
EGR  4402 01   L in 04/AUD,94895,absent,1
EGR  4402 01   L in 04/AUD,94986,absent,1
EGR  4402 01   L in 04/AUD,95619,absent,1
ENG  1301 01 in 04/106,140552,absent,1
ENG  1301 01 in 04/106,143016,absent,1
ENG  1301 01 in 04/106,143656,absent,1
ENG  1301 01 in 04/106,147086,absent,1
ENG  1301 05 in 11/101,118397,late,1
ENG  1301 05 in 11/101,144973,late,1
ENG  1301 05 in 11/101,145061,absent,1
ENG  1301 05 in 11/101,145075,late,1
ENG  1301 05 in 11/101,145651,late,1
ENG  1301 05 in 11/101,148885,late,1
ENG  1301 05 in 11/101,149128,late,1
ENG  1301 05 in 11/101,149833,absent,1
ENG  1301 06 in 06/111,145879,absent,1
ENG  1301 06 in 06/111,148618,absent,1
ENG  1301 07 in 08B/001,145119,late,1
ENG  1301 07 in 08B/001,150885,absent,1
ENG  1301 07 in 08B/001,157091,late,1
ENG  1301 10 in 04/102,116045,absent,1
ENG  1301 10 in 04/102,121792,absent,1
ENG  1301 10 in 04/102,146150,absent,1
ENG  1301 12 in 04/007,145892,absent,1
ENG  1301 12 in 04/007,146858,late,1
ENG  1301 12 in 04/007,153500,absent,1
ENG  1301 12 in 04/007,154131,late,1
ENG  1301 12 in 04/007,155219,absent,1
ENG  1301 12 in 04/007,159421,late,1
ENG  1301 13 in 06/106,148195,late,1
ENG  1301 13 in 06/106,149230,late,1
ENG  1301 13 in 06/106,149901,late,1
ENG  1301 13 in 06/106,150856,absent,1
ENG  1301 13 in 06/106,150973,absent,1
ENG  1301 13 in 06/106,156656,late,1
ENG  1301 13 in 06/106,157494,absent,1
ENG  1301 14 in 08/104,117629,absent,1
ENG  1301 14 in 08/104,146175,absent,1
ENG  1301 14 in 08/104,149228,absent,1
ENG  1301 14 in 08/104,149876,absent,1
ENG  1301 14 in 08/104,156056,absent,1
ENG  1301 14 in 08/104,159562,absent,1
ENG  1301 15 in 06/111,102173,absent,1
ENG  1301 15 in 06/111,105610,absent,1
ENG  1301 15 in 06/111,116560,absent,1
ENG  1301 15 in 06/111,148679,absent,1
ENG  1301 16 in 11/101,112755,absent,1
ENG  1301 16 in 11/101,145737,absent,1
ENG  1301 16 in 11/101,157239,absent,1
ENG  1301 17 in 06/106,145283,absent,1
ENG  1301 18 in 04/003,123860,absent,1
ENG  1301 18 in 04/003,145458,absent,1
ENG  1301 18 in 04/003,146050,absent,1
ENG  1301 18 in 04/003,149557,late,1
ENG  1301 19 in 04/002,113185,absent,1
ENG  1301 19 in 04/002,146665,absent,1
ENG  1301 19 in 04/002,151962,absent,1
ENG  1301 19 in 04/002,153112,absent,1
ENG  1301 19 in 04/002,153179,absent,1
ENG  1301 21 in 06/111,118737,absent,1
ENG  1301 21 in 06/111,157667,absent,1
ENG  1301 22 in 08B/001,121599,absent,1
ENG  1301 22 in 08B/001,140128,absent,1
ENG  1301 25 in 04/002,145089,absent,1
ENG  1301 25 in 04/002,145719,absent,1
ENG  1301 25 in 04/002,148513,late,1
ENG  1301 25 in 04/002,150517,absent,1
ENG  1301 27 in 08B/001,115082,absent,1
ENG  1301 27 in 08B/001,118192,absent,1
ENG  1301 27 in 08B/001,141476,absent,1
ENG  1301 27 in 08B/001,142211,absent,1
ENG  1301 28 in 11/105,152330,absent,1
ENG  2301 01 in 04/107,112635,late,1
ENG  2301 02 in 05/003,115483,late,1
ENG  2301 02 in 05/003,121228,absent,1
ENG  2301 02 in 05/003,135646,absent,1
ENG  2301 02 in 05/003,96001,late,1
ENG  2301 02 in 05/003,99802,absent,1
ENG  2301 03 in 06/008,144303,absent,1
ENG  2302 02 in 08B/002,113856,absent,1
ENG  2302 02 in 08B/002,119000,absent,1
ENG  2302 02 in 08B/002,86377,absent,1
ENG  2302 02 in 08B/002,94030,absent,1
ENG  2302 04 in 06/003,103481,absent,1
ENG  2302 04 in 06/003,135527,absent,1
ENG  2302 04 in 06/003,81222,absent,1
ENG  2302 05 in 06/111,123168,absent,1
ENG  2302 05 in 06/111,136475,absent,1
ENG  2302 06 in 04/003,144120,absent,1
ENG  2302 06 in 04/003,86043,absent,1
ENG  2302 07 in 04/108,124317,absent,1
ENG  2302 07 in 04/108,135475,absent,1
ENG  2302 07 in 04/108,142226,absent,1
ENG  2302 07 in 04/108,84141,absent,1
ENG  2302 09 in 08B/217,115751,absent,1
ENG  2302 09 in 08B/217,117380,absent,1
ENG  2302 09 in 08B/217,124787,absent,1
ENG  2302 09 in 08B/217,142020,absent,1
ENG  2302 09 in 08B/217,80273,absent,1
ENG  2302 09 in 08B/217,84455,absent,1
ENG  2303 01 in 08B/217,122215,absent,1
ENG  2303 01 in 08B/217,136011,absent,1
ENG  2303 02 in 11/105,102320,late,1
ENG  2303 02 in 11/105,115874,late,1
ENG  2303 02 in 11/105,119509,absent,1
ENG  2303 02 in 11/105,119756,absent,1
ENG  2303 03 in 08/013,101619,absent,1
ENG  2303 03 in 08/013,102197,absent,1
ENG  2303 03 in 08/013,108575,late,1
ENG  2303 03 in 08/013,124252,late,1
ENG  2303 04 in 11/101,103078,absent,1
ENG  2303 04 in 11/101,111275,absent,1
ENG  2303 04 in 11/101,113398,absent,1
ENG  2303 04 in 11/101,117459,absent,1
ENG  2303 04 in 11/101,121623,absent,1
ENG  2303 04 in 11/101,122770,absent,1
ENG  2303 04 in 11/101,89447,late,1
ENG  2303 05 in 08B/004,108349,absent,1
ENG  2303 05 in 08B/004,118611,absent,1
ENG  2303 05 in 08B/004,118741,absent,1
ENG  2303 05 in 08B/004,121059,absent,1
ENG  2303 05 in 08B/004,135756,absent,1
ENG  2303 05 in 08B/004,140815,absent,1
ENG  2303 06 in 04/007,108515,absent,1
ENG  2303 06 in 04/007,112837,absent,1
ENG  2303 06 in 04/007,137583,absent,1
ENG  2303 07 in 11/101,122242,late,1
ENG  2303 07 in 11/101,140723,absent,1
ENG  2303 07 in 11/101,84606,late,1
ENG  2303 11 in 08/114,109024,absent,1
ENG  2303 11 in 08/114,116752,absent,1
ENG  2320 01 in 06/008,112111,absent,1
ENG  2320 01 in 06/008,140818,absent,1
ENG  2320 01 in 06/008,143477,absent,1
ENG  2320 01 in 06/008,83204,absent,1
ENG  2320 01 in 06/008,89447,absent,1
ENG  2320 02 in 08/101,111894,absent,1
ENG  2320 02 in 08/101,117480,absent,1
ENG  2320 02 in 08/101,147931,late,1
ENG  2320 02 in 08/101,94821,absent,1
ENG  2320 03 in 06/003,117509,absent,1
ENG  2320 03 in 06/003,142792,absent,1
ENG  2320 03 in 06/003,143627,absent,1
ENG  2320 03 in 06/003,84579,absent,1
ENG  2320 03 in 06/003,84826,absent,1
ENG  2320 03 in 06/003,95414,absent,1
ENG  2320 05 in 08/114,101171,late,1
ENG  2320 05 in 08/114,101314,late,1
ENG  2320 05 in 08/114,101772,late,1
ENG  2320 05 in 08/114,121691,late,1
ENG  2320 05 in 08/114,97750,absent,1
ENG  2320 06 in 08/114,115744,absent,1
ENG  2320 06 in 08/114,80546,absent,1
ENG  2320 06 in 08/114,84842,late,1
ENG  2320 06 in 08/114,85249,absent,1
ENG  2320 07 in 06/111,117288,absent,1
FAS  0210 02 in 04/002,147619,late,1
FAS  0210 02 in 04/002,153112,absent,1
FAS  0210 02 in 04/002,159562,absent,1
FAS  0210 04 in 06/111,145879,absent,1
FAS  0210 05 in 08/104,120038,late,1
FAS  0210 07 in 11/105,145804,absent,1
FAS  0210 07 in 11/105,155805,absent,1
FAS  0210 08 in 06/106,145691,absent,1
FAS  0210 08 in 06/106,149230,late,1
FAS  0210 08 in 06/106,154407,absent,1
FAS  0210 09 in 11/101,146226,absent,1
FAS  0210 09 in 11/101,150566,absent,1
FAS  0210 10 in 08/101,145737,absent,1
FAS  0210 10 in 08/101,147086,absent,1
FAS  0210 10 in 08/101,149876,absent,1
FAS  0210 10 in 08/101,157239,absent,1
FAS  0210 11 in 08/013,147828,absent,1
FAS  0210 11 in 08/013,153697,late,1
FAS  0210 11 in 08/013,154157,absent,1
FAS  0210 11 in 08/013,157667,absent,1
FAS  0210 12 in 08/114,124347,absent,1
FAS  0210 12 in 08/114,136093,late,1
FAS  0210 12 in 08/114,145542,absent,1
FAS  0210 13 in 08/114,144256,late,1
FAS  0210 13 in 08/114,156555,absent,1
FAS  0210 13 in 08/114,157414,absent,1
FAS  0210 14 in 08B/217,148679,absent,1
FAS  0210 15 in 06/008,146150,absent,1
FAS  0210 15 in 06/008,158061,absent,1
FAS  0210 16 in 11/101,151771,absent,1
FAS  0210 17 in 06/003,148365,absent,1
FAS  0210 17 in 06/003,149887,late,1
FAS  0210 17 in 06/003,151962,absent,1
FAS  0210 17 in 06/003,153151,absent,1
FAS  0210 18 in 07/107,106518,absent,1
FAS  0210 18 in 07/107,141859,absent,1
FAS  0210 19 in 08/013,116059,late,1
FAS  0210 19 in 08/013,145892,absent,1
FAS  0210 19 in 08/013,150517,absent,1
FAS  1220 01,146858,absent,1
FAS  1220 01,150856,absent,1
FAS  1220 01 in 08B/112,124272,absent,1
FAS  1220 03,117634,absent,1
FAS  1220 03,118959,absent,1
FAS  1220 03,119603,absent,1
FAS  1220 03,144082,absent,1
FAS  1220 03,145887,absent,1
FAS  1220 03,146330,absent,1
FAS  1220 03,147475,absent,1
FAS  1220 03,147637,absent,1
FAS  1220 03,149496,absent,1
FAS  1220 03,149800,absent,1
FAS  1220 03,154836,absent,1
FAS  1220 03,155340,absent,1
FAS  1220 03,156058,absent,1
FAS  1220 03,156555,absent,1
FAS  1220 03 in 08B/001,118607,absent,1
FAS  1220 03 in 08B/001,120877,absent,1
FAS  1220 03 in 08B/001,122431,absent,1
FAS  1220 03 in 08B/001,145199,absent,1
FAS  1220 03 in 08B/001,89087,absent,1
FAS  1220 04 in 08B/103,120339,absent,1
FAS  1220 04 in 08B/103,121566,absent,1
FAS  1220 05 in 08B/103,118513,absent,1
FAS  1220 05 in 08B/103,121929,absent,1
FAS  1220 05 in 08B/103,122826,absent,1
FAS  1220 05 in 08B/103,148525,absent,1
FAS  1220 06 in 08/114,121431,late,1
FAS  1220 06 in 08/114,122045,absent,1
FAS  1220 06 in 08/114,144776,late,1
FAS  1220 06 in 08/114,149494,absent,1
FAS  1220 07 in 08B/002,157279,late,1
FAS  1220 07 in 08B/217,117348,absent,1
FAS  1220 07 in 08B/217,122344,absent,1
FAS  1220 07 in 08B/217,142870,absent,1
FAS  1220 08 in 10/107,145602,late,1
FAS  1220 08 in 10/107,147873,late,1
FAS  1220 08 in 10/107,149527,absent,1
FAS  1220 09 in 10/107,136227,absent,1
FAS  1220 09 in 10/107,138135,absent,1
FAS  1220 09 in 10/107,147661,absent,1
FAS  1220 09 in 10/107,151763,absent,1
FAS  1220 10 in 04/001,125412,late,1
FAS  1220 10 in 04/001,140515,late,1
FAS  1220 11 in 11/105,150504,absent,1
FAS  1220 11 in 11/105,157013,absent,1
FAS  1220 13 in 06/111,146037,absent,1
FAS  1220 13 in 06/111,156564,absent,1
FAS  1220 14 in 08B/112,142598,absent,1
FAS  1220 15 in 08B/112,138672,absent,1
FAS  1220 15 in 08B/112,145022,late,1
FAS  1220 15 in 08B/112,148040,late,1
FAS  1220 15 in 08B/112,148054,late,1
FAS  1220 16 in 04/104,143031,absent,1
FAS  1220 16 in 04/104,143136,late,1
FAS  1220 16 in 04/104,145643,absent,1
FAS  1220 16 in 04/104,150156,late,1
FAS  1220 16 in 04/104,157029,late,1
FAS  1220 17 in 11/003,120894,late,1
FAS  1220 17 in 11/003,144658,absent,1
FAS  1220 17 in 11/003,144724,late,1
FAS  1220 17 in 11/003,146282,absent,1
FAS  1220 17 in 11/003,150316,late,1
FAS  1220 17 in 11/003,154188,absent,1
FAS  1220 20 in 08/111,121699,absent,1
FAS  1220 20 in 08/111,145390,absent,1
FAS  1220 20 in 08/111,147339,absent,1
FAS  1220 20 in 08/111,157390,absent,1
FAS  1220 21 in 11/101,143656,absent,1
FAS  1220 21 in 11/101,143692,absent,1
FAS  1220 21 in 11/101,159404,absent,1
FAS  1220 23 in 11/101,119227,absent,1
FAS  1220 23 in 11/101,135828,absent,1
FAS  1220 23 in 11/101,145117,absent,1
FAS  1220 23 in 11/101,145929,absent,1
FAS  1220 23 in 11/101,146079,absent,1
FAS  1220 23 in 11/101,147064,absent,1
FIN  3301 01 in 04/101,120172,late,1
FIN  3301 01 in 04/101,95965,absent,1
FIN  3301 02 in 08B/108,100193,absent,1
FIN  3301 02 in 08B/108,102320,absent,1
FIN  3301 02 in 08B/108,109323,late,1
FIN  3301 02 in 08B/108,118917,late,1
FIN  3301 02 in 08B/108,121711,late,1
FIN  3301 02 in 08B/108,125503,absent,1
FIN  3301 02 in 08B/108,81159,late,1
FIN  3301 02 in 08B/108,87457,late,1
FIN  3301 03 in 05/107,100459,absent,1
FIN  3301 03 in 05/107,84862,absent,1
FIN  3301 06 in 08/114,113865,late,1
FIN  3301 06 in 08/114,115079,absent,1
FIN  3301 06 in 08/114,121990,absent,1
FIN  3301 06 in 08/114,122431,absent,1
FIN  3301 06 in 08/114,124317,late,1
FIN  3301 06 in 08/114,140197,absent,1
FIN  3301 06 in 08/114,141382,absent,1
FIN  3301 07 in 08/114,107763,late,1
FIN  3302 01 in 04/004,102028,absent,1
FIN  3302 01 in 04/004,102433,absent,1
FIN  3302 01 in 04/004,142770,late,1
FIN  3302 01 in 04/004,99591,absent,1
FIN  3302 02 in 06/008,111995,absent,1
FIN  3302 02 in 06/008,117586,absent,1
FIN  3302 03 in 04/003,88183,absent,1
FIN  3303 03 in 07/003,106386,absent,1
FIN  3303 03 in 07/003,117216,absent,1
FIN  3303 03 in 07/003,117380,absent,1
FIN  3303 03 in 07/003,79499,absent,1
FIN  3303 03 in 07/003,94913,absent,1
FIN  3303 04 in 08B/108,100704,absent,1
FIN  3303 04 in 08B/108,102993,absent,1
FIN  3303 04 in 08B/108,103027,absent,1
FIN  3303 04 in 08B/108,103430,absent,1
FIN  3303 04 in 08B/108,107677,absent,1
FIN  3303 04 in 08B/108,88183,absent,1
FIN  3303 04 in 08B/108,92901,absent,1
FIN  3303 04 in 08B/108,96724,absent,1
FIN  3305 01 in 04/102,84404,absent,1
FIN  3305 01 in 04/102,86971,absent,1
FIN  3307 C1,117656,absent,1
FIN  3307 C1,99126,absent,1
FIN  4304 02 in 04/101,100894,absent,1
FIN  4304 02 in 04/101,103033,absent,1
FIN  4304 02 in 04/101,117265,absent,1
FIN  4304 02 in 04/101,85548,absent,1
FIN  4304 02 in 04/101,86349,absent,1
FIN  4304 02 in 04/101,89412,absent,1
FIN  4304 02 in 04/101,89870,absent,1
FIN  5313 01 in 08B/102,114106,absent,1
FRE  1301 01 in 08B/107,148085,absent,1
FRE  1302 01 in 08B/105,153613,absent,1
FRN  1208 01 in 10/004,89793,absent,1
FRN  2210 01 in 08/111,103128,late,1
FRN  2210 01 in 08/111,81222,absent,1
FRN  2210 02 in 08B/102,98736,late,1
FRN  2210 03 in 08/013,120506,absent,1
FRN  3210 01 in 06/008,81539,absent,1
FRN  3210 04 in 08B/217,84617,absent,1
FRN  3210 05 in 08/101,102865,absent,1
FRN  3210 05 in 08/101,89295,absent,1
FYE  1101 01 in 08B/AUD,146456,absent,1
FYE  1101 01 in 08B/AUD,154306,absent,1
FYE  1101 01 in 08B/AUD,157414,absent,1
FYE  1101 01 in 08B/AUD,158061,absent,1
FYE  1101 02 in 08B/AUD,146150,absent,1
FYE  1101 02 in 08B/AUD,156969,late,1
FYE  1101 03 in 07/002,153394,absent,1
FYE  1101 03 in 07/002,155205,late,1
FYE  1101 03 in 07/002,156187,absent,1
FYE  1101 03 in 07/002,157229,late,1
FYE  1101 03 in 07/002,157416,absent,1
FYE  1101 03 in 07/002,158003,late,1
FYE  1101 03 in 07/002,158071,absent,1
FYE  1101 03 in 07/002,158404,late,1
FYE  1101 03 in 07/002,158674,absent,1
FYE  1101 03 in 07/002,92629,absent,1
FYE  1102 01 in 07/002,144117,late,1
FYE  1102 01 in 07/002,144120,absent,1
FYE  1102 01 in 07/002,146016,absent,1
FYE  1102 01 in 07/002,146505,late,1
FYE  1102 01 in 07/002,150207,late,1
FYE  1102 01 in 07/002,154113,late,1
FYE  1102 01 in 07/002,154751,late,1
FYE  1102 01 in 07/002,154786,late,1
FYE  1102 01 in 07/002,155863,late,1
FYE  1102 01 in 07/002,156371,late,1
FYE  1102 02 in 07/002,116955,absent,1
FYE  1102 02 in 07/002,143185,late,1
FYE  1102 02 in 07/002,145148,absent,1
FYE  1102 02 in 07/002,146037,absent,1
FYE  1102 02 in 07/002,150504,absent,1
FYE  1102 02 in 07/002,150788,absent,1
FYE  1102 02 in 07/002,154072,late,1
FYE  1102 02 in 07/002,155989,late,1
FYE  1102 03 in 08B/AUD,143693,late,1
FYE  1102 03 in 08B/AUD,145126,late,1
FYE  1102 03 in 08B/AUD,145138,late,1
FYE  1102 03 in 08B/AUD,145471,late,1
FYE  1102 03 in 08B/AUD,146181,late,1
FYE  1102 03 in 08B/AUD,146292,late,1
FYE  1102 03 in 08B/AUD,147994,late,1
FYE  1102 03 in 08B/AUD,148085,absent,1
FYE  1102 03 in 08B/AUD,148225,absent,1
FYE  1102 03 in 08B/AUD,149352,absent,1
FYE  1102 03 in 08B/AUD,155579,late,1
FYE  1102 03 in 08B/AUD,156102,absent,1
FYE  1102 03 in 08B/AUD,156112,late,1
FYE  1102 04 in 07/002,146592,absent,1
FYE  1102 04 in 07/002,147956,absent,1
FYE  1102 04 in 07/002,151962,absent,1
FYE  1102 04 in 07/002,154281,late,1
FYE  1102 04 in 07/002,157496,absent,1
FYE  1102 05 in 07/002,145363,absent,1
FYE  1102 05 in 07/002,146282,absent,1
FYE  1102 05 in 07/002,147916,absent,1
FYE  1102 05 in 07/002,148083,absent,1
FYE  1102 05 in 07/002,149457,late,1
FYE  1102 05 in 07/002,149901,absent,1
FYE  1102 05 in 07/002,153675,absent,1
FYE  1102 05 in 07/002,155517,absent,1
FYE  1102 05 in 07/002,156499,absent,1
FYE  1102 06 in 07/002,151680,late,1
FYE  1102 07 in 07/002,145283,late,1
FYE  1102 07 in 07/002,150401,absent,1
FYE  1102 07 in 07/002,151140,absent,1
FYE  1102 07 in 07/002,154188,absent,1
FYE  1102 07 in 07/002,156336,late,1
FYE  1102 08 in 07/002,148365,absent,1
FYE  1102 08 in 07/002,157331,absent,1
FYE  1102 09 in 07/002,106907,absent,1
FYE  1102 09 in 07/002,120565,absent,1
FYE  1102 10 in 07/002,145739,absent,1
FYE  1102 10 in 07/002,153203,absent,1
FYE  1102 10 in 07/002,155291,absent,1
FYE  1102 10 in 07/002,155831,absent,1
FYE  1102 10 in 07/002,90171,absent,1
FYE  1102 11 in 07/002,110229,absent,1
FYE  1102 11 in 07/002,147180,absent,1
FYE  1102 11 in 07/002,149914,absent,1
FYE  1102 12 in 07/002,146067,absent,1
FYE  1102 12 in 07/002,149097,absent,1
FYE  1102 12 in 07/002,151771,absent,1
FYE  1102 12 in 07/002,157225,late,1
FYE  1102 13 in 07/002,145031,absent,1
FYE  1102 13 in 07/002,147053,absent,1
FYE  1102 13 in 07/002,147619,late,1
FYE  1102 13 in 07/002,154381,absent,1
FYE  1102 13 in 07/002,155337,absent,1
FYE  1102 13 in 07/002,157591,late,1
FYE  1102 14 in 07/002,140617,absent,1
FYE  1102 14 in 07/002,146454,late,1
FYE  1102 14 in 07/002,148975,absent,1
FYE  1102 14 in 07/002,149047,late,1
FYE  1102 14 in 07/002,149875,absent,1
FYE  1102 14 in 07/002,150156,absent,1
FYE  1102 14 in 07/002,150238,absent,1
FYE  1102 14 in 07/002,151231,absent,1
FYE  1102 14 in 07/002,153036,absent,1
FYE  1102 14 in 07/002,153179,absent,1
FYE  1102 14 in 07/002,155131,absent,1
FYE  1102 14 in 07/002,155651,absent,1
FYE  1102 14 in 07/002,156107,absent,1
FYE  1102 14 in 07/002,156240,absent,1
FYE  1102 14 in 07/002,156241,absent,1
FYE  1102 14 in 07/002,157159,absent,1
FYE  1102 14 in 07/002,157391,absent,1
FYE  1102 15 in 07/002,119144,absent,1
FYE  1102 15 in 07/002,135716,absent,1
FYE  1102 15 in 07/002,145589,absent,1
FYE  1102 15 in 07/002,155254,late,1
FYE  1102 16 in 07/002,145297,late,1
FYE  1102 16 in 07/002,145560,absent,1
FYE  1102 16 in 07/002,149494,late,1
FYE  1102 16 in 07/002,150580,late,1
FYE  1102 16 in 07/002,153697,absent,1
FYE  1102 16 in 07/002,156931,absent,1
FYE  1102 17 in 07/002,124347,absent,1
FYE  1102 17 in 07/002,145375,absent,1
FYE  1102 17 in 07/002,147637,absent,1
FYE  1102 17 in 07/002,147914,absent,1
FYE  1102 17 in 07/002,148104,absent,1
FYE  1102 18 in 07/002,116957,absent,1
FYE  1102 18 in 07/002,145577,absent,1
FYE  1102 18 in 07/002,145643,absent,1
FYE  1102 18 in 07/002,145763,absent,1
FYE  1102 18 in 07/002,151031,absent,1
FYE  1102 18 in 07/002,152242,absent,1
FYE  1102 18 in 07/002,152330,absent,1
FYE  1102 18 in 07/002,152545,absent,1
FYE  1102 18 in 07/002,86042,absent,1
FYE  1102 19 in 07/002,148459,absent,1
FYE  1102 19 in 07/002,148974,absent,1
FYE  1102 19 in 07/002,151384,absent,1
FYE  1102 19 in 07/002,152196,absent,1
FYE  1102 20 in 07/002,116964,absent,1
FYE  1102 20 in 07/002,145159,absent,1
FYE  1102 20 in 07/002,149686,absent,1
FYE  1102 20 in 07/002,151075,absent,1
FYE  1102 20 in 07/002,154765,absent,1
FYE  1102 20 in 07/002,156906,absent,1
FYE  1102 20 in 07/002,157162,absent,1
FYE  1102 20 in 07/002,157406,absent,1
GBU  2301 01 in 08B/217,117634,absent,1
GBU  2301 01 in 08B/217,118192,late,1
GBU  2301 01 in 08B/217,120306,absent,1
GBU  2301 01 in 08B/217,141533,absent,1
GBU  2301 02 in 08B/108,115079,absent,1
GBU  2301 02 in 08B/108,115744,absent,1
GBU  2301 02 in 08B/108,118924,absent,1
GBU  2301 02 in 08B/108,119536,late,1
GBU  2301 02 in 08B/108,153675,absent,1
GBU  2301 02 in 08B/108,154407,absent,1
GBU  2301 02 in 08B/108,155177,absent,1
GBU  2301 02 in 08B/108,155722,absent,1
GBU  2301 02 in 08B/108,156676,absent,1
GBU  2301 02 in 08B/108,88622,absent,1
GBU  2301 02 in 08B/108,90237,absent,1
GBU  2301 03 in 04/106,102034,absent,1
GBU  2301 03 in 04/106,114034,absent,1
GBU  2301 03 in 04/106,115751,absent,1
GBU  2301 03 in 04/106,135716,absent,1
GBU  2301 03 in 04/106,143136,absent,1
GBU  2301 03 in 04/106,146330,late,1
GBU  2301 03 in 04/106,149833,absent,1
GBU  2301 03 in 04/106,98836,absent,1
GBU  2301 04 in 04/004,103200,absent,1
GBU  2301 04 in 04/004,117425,absent,1
GBU  2301 04 in 04/004,124199,absent,1
GBU  2301 04 in 04/004,125176,absent,1
GBU  2301 04 in 04/004,138135,absent,1
GBU  2301 04 in 04/004,151075,absent,1
GBU  2301 05 in 04/108,120084,absent,1
GBU  2301 05 in 04/108,120877,absent,1
GBU  2301 06 in 04/101,119520,absent,1
GBU  2301 06 in 04/101,120101,absent,1
GBU  2301 06 in 04/101,124315,absent,1
GBU  2301 06 in 04/101,145643,absent,1
GBU  3203 04 in 09/104,75157,absent,1
GBU  3203 04 in 09/104,93608,absent,1
GBU  3302 03 in 09/104,103737,absent,1
GBU  3302 03 in 09/104,83122,absent,1
GBU  3302 03 in 09/104,83695,absent,1
GBU  3302 03 in 09/104,84594,absent,1
GBU  3302 03 in 09/104,86364,absent,1
GBU  3302 03 in 09/104,89543,absent,1
GBU  3302 04 in 04/004,101738,absent,1
GBU  3302 04 in 04/004,77685,absent,1
GBU  3302 04 in 04/004,81539,late,1
GBU  3302 04 in 04/004,84286,absent,1
GBU  3302 04 in 04/004,88422,absent,1
GBU  3302 04 in 04/004,97750,absent,1
GBU  3311 01 in 04/002,117307,absent,1
GBU  3311 01 in 04/002,119215,absent,1
GBU  3311 01 in 04/002,119501,absent,1
GBU  3311 01 in 04/002,122235,absent,1
GBU  3311 01 in 04/002,143939,absent,1
GBU  3311 01 in 08/114,103515,absent,1
GBU  3311 01 in 08/114,118192,absent,1
GBU  3311 01 in 08/114,120887,absent,1
GBU  3311 01 in 08/114,121884,absent,1
GBU  3311 01 in 08/114,76943,absent,1
GBU  3311 01 in 08/114,89799,absent,1
GBU  3311 03 in 04/001,119256,late,1
GBU  3311 03 in 04/001,122339,late,1
GBU  3311 05 in 04/004,117380,absent,1
GBU  3311 05 in 04/004,138883,absent,1
GBU  3311 05 in 04/004,140552,absent,1
GBU  3311 05 in 04/004,143069,absent,1
GBU  3311 07 in 05/003,105610,absent,1
GBU  3311 07 in 05/003,116083,absent,1
GBU  3399 01 in 04/108,81768,absent,1
GBU  3399 01 in 04/108,86152,absent,1
GBU  5306 01 in 09/104,114106,absent,1
GBU  5306 01 in 09/104,118490,absent,1
GBU  5306 01 in 09/104,78230,absent,1
GBU  5306 01 in 09/104,80422,absent,1
GEO  1301 02 in 10/007,104927,absent,1
GEO  1301 02 in 10/007,116955,absent,1
GEO  1301 02 in 10/007,119118,absent,1
GEO  1301 02 in 10/007,119954,absent,1
GEO  1301 02 in 10/007,156102,absent,1
GEO  1301 05 in 10/007,112635,absent,1
GEO  1301 05 in 10/007,112837,late,1
GEO  1301 05 in 10/007,113579,absent,1
GEO  1301 05 in 10/007,119383,absent,1
GEO  1301 05 in 10/007,120231,absent,1
GEO  1301 05 in 10/007,143291,absent,1
GEO  1301 05 in 10/007,149515,absent,1
GEO  1301 05 in 10/007,88911,absent,1
GEO  2305 01 in 10/007,101435,absent,1
GEO  2305 01 in 10/007,141215,absent,1
GEO  2305 01 in 10/007,143496,absent,1
GER  1301 01 in 08B/112,80572,late,1
GER  1301 01 in 08B/112,86072,absent,1
GER  1301 02 in 08B/112,94469,absent,1
HIS  1301 01 in 09/104,100354,absent,1
HIS  1301 01 in 09/104,101777,absent,1
HIS  1301 01 in 09/104,102744,absent,1
HIS  1301 01 in 09/104,138220,absent,1
HIS  1301 01 in 09/104,153889,absent,1
HIS  1301 01 in 09/104,91881,absent,1
HIS  1301 02 in 04/106,106163,absent,1
HIS  1301 02 in 04/106,147053,absent,1
HIS  1301 02 in 04/106,80067,absent,1
HIS  1301 02 in 04/106,80224,absent,1
HIS  1301 02 in 04/106,80442,absent,1
HIS  1301 02 in 04/106,85772,absent,1
HIS  1301 02 in 04/106,99976,absent,1
HIS  1301 03 in 10/107,101318,late,1
HIS  1301 03 in 10/107,115575,late,1
HIS  1301 03 in 10/107,116622,absent,1
HIS  1301 03 in 10/107,83417,late,1
HIS  1301 03 in 10/107,86364,absent,1
HIS  1301 03 in 10/107,99371,late,1
HIS  1301 04 in 08B/001,104046,late,1
HIS  1301 04 in 08B/001,112603,absent,1
HIS  1301 04 in 08B/001,86351,absent,1
HIS  2301 01 in 04/007,100948,absent,1
HIS  2301 01 in 11/105,113754,absent,1
HIS  2301 01 in 11/105,117884,absent,1
HIS  2301 01 in 11/105,118067,absent,1
HIS  2301 01 in 11/105,119954,absent,1
HIS  2301 01 in 11/105,124711,absent,1
HIS  2301 01 in 11/105,140197,absent,1
HIS  2301 02 in 08/101,118530,absent,1
HIS  2301 02 in 08/101,119475,absent,1
HIS  2301 02 in 08/101,123134,absent,1
HIS  2301 02 in 08/101,140383,absent,1
HIS  2301 02 in 08/101,145043,absent,1
HIS  2301 03 in 04/108,101658,absent,1
HIS  2301 03 in 04/108,138571,absent,1
HIS  2301 03 in 04/108,142228,absent,1
HIS  2301 03 in 04/108,77488,absent,1
HIS  2301 03 in 04/108,99958,absent,1
HIS  3301 01 in 08B/217,110280,absent,1
HIS  3301 01 in 08B/217,110990,absent,1
HRD  2300 01 in 06/008,102098,late,1
HRD  2300 01 in 06/008,110280,absent,1
HRD  2300 01 in 06/008,123724,absent,1
HRD  2300 01 in 06/008,124468,absent,1
HRD  2300 01 in 06/008,135451,late,1
HRD  2300 01 in 06/008,142389,absent,1
HRD  2300 01 in 06/008,78915,absent,1
HRD  3304 01 in 08/111,69140,late,1
HRD  3304 01 in 08/111,81353,late,1
HRD  3304 01 in 08/111,85516,absent,1
HRD  3304 01 in 08/111,98548,late,1
HRD  3304 01 in 08/111,98664,late,1
HRD  3401 01 in 04/107,102993,absent,1
HRD  3401 01 in 04/107,109605,late,1
HRD  3401 01 in 04/107,78915,absent,1
HRD  3401 01 in 04/107,79925,absent,1
HRD  3401 01 in 04/107,80273,absent,1
HRD  3401 01 in 04/107,84207,absent,1
HRD  4304 01 in 08/101,101501,absent,1
HRD  4304 01 in 08/101,69140,late,1
HRD  4304 01 in 08/101,78723,late,1
HRD  4304 01 in 08/101,85516,absent,1
HRD  4304 01 in 08/101,98548,absent,1
HRD  4304 01 in 08/101,98664,absent,1
HRD  4307 01 in 06/008,87127,absent,1
HRD  5312 01 in 11/105,141874,absent,1
HRD  5314 01 in 11/003,141874,absent,1
HRD  5314 01 in 11/003,74164,late,1
HUM  2301 01 in 04/106,103791,late,1
HUM  2301 02 in 04/003,92552,absent,1
HUM  2301 02 in 04/003,98924,absent,1
HUM  2301 03 in 06/003,117183,late,1
HUM  2301 03 in 06/003,124835,absent,1
HUM  2302 01 in 08/104,115661,absent,1
HUM  2302 01 in 08/104,153613,absent,1
HUM  2302 02 in 06/111,157957,absent,1
HUM  2302 03 in 04/106,124835,absent,1
HUM  2302 03 in 04/106,79168,absent,1
HUM  2302 04 in 10/107,100688,absent,1
HUM  2302 04 in 10/107,117644,absent,1
HUM  2302 04 in 10/107,118436,absent,1
HUM  2302 04 in 10/107,142037,absent,1
HUM  2302 04 in 10/107,88238,absent,1
HUM  2302 04 in 10/107,89816,absent,1
HUM  2306 01 in 07/003,100750,absent,1
HUM  2306 01 in 07/003,85479,absent,1
HUM  2306 01 in 07/003,97026,absent,1
HUM  2306 02 in 04/101,85274,absent,1
INS  2301 02 in 04/108,104273,absent,1
INS  2301 02 in 04/108,115836,absent,1
INS  2301 02 in 04/108,119253,late,1
INS  2301 02 in 04/108,119890,late,1
INS  2301 02 in 04/108,121589,absent,1
INS  2301 02 in 04/108,135451,late,1
INS  2301 02 in 04/108,143308,absent,1
INS  2301 02 in 04/108,158284,late,1
INS  2301 02 in 04/108,94413,late,1
INS  2301 02 in 04/108,95303,absent,1
INS  2301 02 in 04/108,98825,late,1
INS  2301 02 in 04/108,99802,late,1
INS  2302 01 in 08/013,106102,late,1
INS  2320 01 in 04/107,135451,absent,1
INS  2320 01 in 04/107,85769,absent,1
INS  2320 01 in 04/107,94098,absent,1
INS  3303 01 in 04/107,110280,absent,1
INS  3303 01 in 04/107,117963,absent,1
INS  3303 01 in 04/107,158257,absent,1
INS  3303 01 in 04/107,80504,absent,1
INS  3303 01 in 04/107,97884,absent,1
INS  3304 01 in 06/106,100286,absent,1
INS  3306 01 in 08/114,100210,late,1
INS  3306 01 in 08/114,100817,absent,1
INS  3306 01 in 08/114,117963,absent,1
INS  3306 01 in 08/114,80504,absent,1
INS  3306 01 in 08/114,84680,absent,1
INS  3306 01 in 08/114,85045,absent,1
INS  3306 01 in 08/114,97814,late,1
INS  3306 01 in 08/114,97884,late,1
INS  5303 01 in 04/008,77164,absent,1
INS  5310 02 in 08/014,81537,absent,1
INS  5310 02 in 08/014,84229,absent,1
KOR  1301 01 in 08B/112,101131,absent,1
KOR  1301 01 in 08B/112,107770,absent,1
KOR  1301 01 in 08B/112,124416,absent,1
KOR  1301 01 in 08B/112,140895,absent,1
KOR  1301 01 in 08B/112,141660,absent,1
KOR  1301 01 in 08B/112,99599,late,1
KOR  1301 02 in 08B/112,102469,absent,1
KOR  1301 02 in 08B/112,136021,absent,1
KOR  1301 02 in 08B/112,142916,absent,1
KOR  1301 02 in 08B/112,145929,absent,1
KOR  1301 02 in 08B/112,146214,absent,1
KOR  1301 02 in 08B/112,148011,absent,1
KOR  1301 02 in 08B/112,83685,late,1
KOR  1301 02 in 08B/112,83806,absent,1
KOR  1301 02 in 08B/112,90558,late,1
LIT  2301 01 in 04/007,104447,late,1
LIT  2301 01 in 04/007,105841,late,1
LIT  2301 01 in 04/007,107488,late,1
LIT  2301 01 in 04/007,116977,absent,1
LIT  2301 01 in 04/007,117216,absent,1
LIT  2301 01 in 04/007,120227,late,1
LIT  2301 01 in 04/007,158026,absent,1
LIT  2301 02 in 04/108,101128,absent,1
LIT  2301 02 in 04/108,101357,absent,1
LIT  2301 02 in 04/108,122819,absent,1
MGT  3301 03 in 04/104,140735,absent,1
MGT  3301 03 in 04/104,89479,absent,1
MGT  3301 03 in 04/104,90379,absent,1
MGT  3301 04 in 04/102,101647,absent,1
MGT  3301 04 in 04/102,104137,absent,1
MGT  3301 04 in 04/102,112669,absent,1
MGT  3301 04 in 04/102,114113,absent,1
MGT  3301 04 in 04/102,115836,absent,1
MGT  3301 04 in 04/102,119501,absent,1
MGT  3301 04 in 04/102,143034,absent,1
MGT  3301 07 in 04/102,106562,absent,1
MGT  3301 07 in 04/102,117275,absent,1
MGT  3301 07 in 04/102,119890,absent,1
MGT  3301 07 in 04/102,124317,absent,1
MGT  3301 07 in 04/102,140197,absent,1
MGT  3301 07 in 04/102,93588,absent,1
MGT  3301 07 in 04/102,99505,absent,1
MGT  3302 01 in 04/004,85214,absent,1
MGT  3302 03 in 08B/104,115836,absent,1
MGT  3302 03 in 08B/104,117275,absent,1
MGT  3302 03 in 08B/104,123107,absent,1
MGT  3302 03 in 08B/104,141382,absent,1
MGT  3302 03 in 08B/104,93013,absent,1
MGT  3302 03 in 08B/104,99958,absent,1
MGT  3302 04 in 04/105,101989,absent,1
MGT  3302 04 in 04/105,102028,absent,1
MGT  3302 04 in 04/105,111995,absent,1
MGT  3302 04 in 04/105,115825,absent,1
MGT  3302 04 in 04/105,117660,absent,1
MGT  3302 04 in 04/105,120101,absent,1
MGT  3302 04 in 04/105,84753,absent,1
MGT  3302 04 in 04/105,85920,absent,1
MGT  3302 04 in 04/105,99011,absent,1
MGT  3302 04 in 04/105,99363,absent,1
MGT  3302 04 in 04/105,99446,absent,1
MGT  3305 01 in 06/106,100296,absent,1
MGT  3305 01 in 06/106,100736,absent,1
MGT  3305 01 in 06/106,116622,absent,1
MGT  3305 01 in 06/106,158156,absent,1
MGT  3305 01 in 06/106,99958,absent,1
MGT  3305 02 in 06/106,100587,absent,1
MGT  3305 02 in 06/106,101232,absent,1
MGT  3305 02 in 06/106,103027,absent,1
MGT  3305 02 in 06/106,106108,absent,1
MGT  3305 02 in 06/106,157162,absent,1
MGT  3305 02 in 06/106,87118,absent,1
MGT  4301 01 in 04/001,90692,absent,1
MGT  4301 02 in 04/105,80057,absent,1
MGT  4301 02 in 04/105,82996,absent,1
MGT  4301 02 in 04/105,87369,absent,1
MGT  4301 02 in 04/105,87595,absent,1
MGT  4301 02 in 04/105,97302,absent,1
MGT  4301 03 in 09/104,82674,absent,1
MGT  4301 03 in 09/104,84475,absent,1
MGT  4301 03 in 09/104,85990,absent,1
MGT  4301 03 in 09/104,86876,absent,1
MGT  4301 03 in 09/104,98360,absent,1
MGT  4301 04 in 04/104,80275,absent,1
MGT  4301 04 in 04/104,82248,absent,1
MGT  4301 04 in 04/104,84939,absent,1
MGT  4301 04 in 04/104,86594,absent,1
MGT  4303 03 in 11/105,73456,absent,1
MGT  4303 03 in 11/105,85219,late,1
MGT  4311 01 in 04/003,76740,absent,1
MGT  4311 01 in 04/003,82929,absent,1
MGT  4311 01 in 04/003,82996,absent,1
MGT  4312 01 in OFFF/ONLIN,107558,late,1
MGT  4312 01 in OFFF/ONLIN,84521,absent,1
MGT  4312 01 in OFFF/ONLIN,95965,absent,1
MGT  4312 03 in OFFF/ONLIN,100509,late,1
MGT  4312 03 in OFFF/ONLIN,117656,absent,1
MGT  4312 03 in OFFF/ONLIN,158112,absent,1
MGT  4312 03 in OFFF/ONLIN,84118,absent,1
MGT  4312 03 in OFFF/ONLIN,85363,absent,1
MGT  4314 01 in 06/106,100587,absent,1
MGT  4314 01 in 06/106,101232,absent,1
MGT  4314 01 in 06/106,157162,absent,1
MIS  3301 03 in 08B/108,100204,absent,1
MIS  3301 03 in 08B/108,105984,absent,1
MIS  3301 03 in 08B/108,116622,absent,1
MIS  3301 03 in 08B/108,116676,absent,1
MIS  3301 03 in 08B/108,117754,absent,1
MIS  3301 03 in 08B/108,93608,absent,1
MIS  3301 03 in 08B/108,98592,absent,1
MIS  3301 04 in 07/003,117216,absent,1
MIS  3301 04 in 07/003,117480,absent,1
MIS  3301 04 in 07/003,84690,absent,1
MIS  3301 04 in 07/003,85479,absent,1
MIS  3301 05 in OFFF/ONLIN,100508,absent,1
MIS  3301 05 in OFFF/ONLIN,121884,absent,1
MKT  3301 01 in 04/106,101658,absent,1
MKT  3301 01 in 04/106,105001,absent,1
MKT  3301 01 in 04/106,118227,late,1
MKT  3301 01 in 04/106,121647,absent,1
MKT  3301 01 in 04/106,124711,absent,1
MKT  3301 01 in 04/106,125040,absent,1
MKT  3301 01 in 04/106,136489,absent,1
MKT  3301 01 in 04/106,98466,absent,1
MKT  3301 03 in 04/101,112240,late,1
MKT  3301 03 in 04/101,117855,absent,1
MKT  3301 03 in 04/101,119880,late,1
MKT  3301 03 in 04/101,120767,late,1
MKT  3301 03 in 04/101,120894,absent,1
MKT  3301 03 in 04/101,121463,late,1
MKT  3301 03 in 04/101,137805,late,1
MKT  3301 03 in 04/101,83418,late,1
MKT  3301 03 in 04/101,87667,absent,1
MKT  3301 03 in 04/101,89816,absent,1
MKT  3301 03 in 04/101,93588,absent,1
MKT  3301 03 in 04/101,94030,absent,1
MKT  3301 04 in 09/104,101369,absent,1
MKT  3301 04 in 09/104,111175,absent,1
MKT  3301 04 in 09/104,118441,late,1
MKT  3301 04 in 09/104,119227,late,1
MKT  3301 04 in 09/104,122026,late,1
MKT  3301 04 in 09/104,123107,absent,1
MKT  3301 04 in 09/104,125364,absent,1
MKT  3301 05 in 11/008,100193,absent,1
MKT  3301 05 in 11/008,115079,absent,1
MKT  3301 05 in 11/008,122431,absent,1
MKT  3301 05 in 11/008,124317,absent,1
MKT  3301 05 in 11/008,141382,absent,1
MKT  3301 05 in 11/008,79111,absent,1
MKT  3301 06 in 04/101,103515,absent,1
MKT  3301 06 in 04/101,105001,absent,1
MKT  3301 06 in 04/101,115836,absent,1
MKT  3301 06 in 04/101,117275,absent,1
MKT  3301 06 in 04/101,118616,absent,1
MKT  3301 06 in 04/101,121407,absent,1
MKT  3301 06 in 04/101,84642,absent,1
MKT  3301 07 in 04/004,102173,absent,1
MKT  3301 07 in 04/004,114113,absent,1
MKT  3301 07 in 04/004,117822,absent,1
MKT  3301 07 in 04/004,119246,late,1
MKT  3301 07 in 04/004,84962,absent,1
MKT  3301 07 in 04/004,99505,absent,1
MKT  3302 01 in 07/003,100843,absent,1
MKT  3302 01 in 07/003,101232,absent,1
MKT  3302 01 in 07/003,103838,late,1
MKT  3302 01 in 07/003,106163,absent,1
MKT  3302 01 in 07/003,106700,absent,1
MKT  3302 01 in 07/003,116045,absent,1
MKT  3302 01 in 07/003,123529,absent,1
MKT  3302 01 in 07/003,124456,absent,1
MKT  3302 01 in 07/003,157994,absent,1
MKT  3302 01 in 07/003,84594,late,1
MKT  3302 01 in 07/003,99434,absent,1
MKT  3302 02 in 07/003,100128,late,1
MKT  3302 02 in 07/003,101168,absent,1
MKT  3302 02 in 07/003,101474,absent,1
MKT  3303 01 in 04/106,101241,absent,1
MKT  3303 01 in 04/106,120385,absent,1
MKT  3303 01 in 04/106,136475,absent,1
MKT  3303 01 in 04/106,84098,absent,1
MKT  3303 02 in 04/106,101474,absent,1
MKT  3303 02 in 04/106,107069,absent,1
MKT  3303 03 in 08/114,117380,absent,1
MKT  3303 03 in 08/114,158112,absent,1
MKT  3303 03 in 08/114,89027,late,1
MKT  3304 01 in 04/007,79287,late,1
MKT  3304 01 in 04/007,84286,absent,1
MKT  3304 01 in 04/007,85860,absent,1
MKT  3304 01 in 04/007,86349,late,1
MKT  3304 01 in 04/007,92384,absent,1
MKT  3304 01 in 04/007,94661,absent,1
MKT  3304 01 in 04/007,99067,absent,1
MKT  3305 01 in OFFF/ONLIN,100721,absent,1
MKT  3305 01 in OFFF/ONLIN,109143,late,1
MKT  3305 01 in OFFF/ONLIN,117329,late,1
MKT  3305 01 in OFFF/ONLIN,80034,absent,1
MKT  3305 01 in OFFF/ONLIN,91172,absent,1
MKT  3305 01 in OFFF/ONLIN,98465,late,1
MKT  3305 02 in OFFF/ONLIN,88289,absent,1
MKT  3305 03 in 04/108,99952,absent,1
MKT  4302 02 in 04/102,102206,absent,1
MKT  4302 02 in 04/102,117329,absent,1
MKT  4302 02 in 04/102,85166,absent,1
MKT  4304 01 in 08B/218,84380,absent,1
MKT  4304 01 in 08B/218,84741,absent,1
MKT  4306 01 in OFFF/ONLIN,80572,absent,1
MKT  4306 01 in OFFF/ONLIN,81768,absent,1
MKT  4306 01 in OFFF/ONLIN,84181,absent,1
MKT  4306 01 in OFFF/ONLIN,90161,absent,1
MKT  4306 01 in OFFF/ONLIN,93608,absent,1
MKT  5302 01 in 06/111,80422,absent,1
MKT  5304 01 in 09/104,70371,absent,1
MKT  5304 01 in 09/104,72864,absent,1
MKT  5305 01 in 08B/107,144675,late,1
MKT  5305 01 in 08B/107,151291,late,1
MKT  5305 01 in 08B/107,155908,absent,1
MKT  5305 01 in 08B/107,156113,absent,1
MKT  5305 01 in 08B/107,156509,absent,1
MKT  5305 01 in 08B/107,157672,absent,1
MKT  5305 01 in 08B/107,74945,absent,1
MKT  5312 01 in 08B/112,74042,absent,1
MTH  1303 01 in 07/002,120677,absent,1
MTH  1303 01 in 07/002,136440,absent,1
MTH  1303 01 in 07/002,142916,absent,1
MTH  1303 01 in 07/002,153129,late,1
MTH  1303 01 in 07/002,157667,absent,1
MTH  1303 01 in 07/002,158499,absent,1
MTH  1303 02 in 07/002,142598,absent,1
MTH  1303 02 in 07/002,143016,absent,1
MTH  1303 02 in 07/002,146175,absent,1
MTH  1303 02 in 07/002,146335,late,1
MTH  1303 02 in 07/002,152026,late,1
MTH  1303 02 in 07/003,148975,absent,1
MTH  1303 03 in 09/104,118397,absent,1
MTH  1303 03 in 09/104,119525,absent,1
MTH  1303 03 in 09/104,146312,absent,1
MTH  1303 03 in 09/104,154928,absent,1
MTH  1303 03 in 09/104,155337,absent,1
MTH  1303 03 in 09/104,156716,absent,1
MTH  1303 03 in 09/104,156872,absent,1
MTH  1303 04 in 04/001,118240,absent,1
MTH  1303 04 in 04/001,122819,absent,1
MTH  1303 04 in 04/001,145632,absent,1
MTH  1303 04 in 04/001,146853,absent,1
MTH  1303 04 in 04/001,148580,absent,1
MTH  1303 04 in 04/001,150256,absent,1
MTH  1303 04 in 04/001,151319,absent,1
MTH  1303 04 in 04/001,157494,absent,1
MTH  1303 04 in 04/001,157898,absent,1
MTH  1303 04 in 04/001,158859,absent,1
MTH  1303 05 in 04/001,145542,absent,1
MTH  1303 05 in 04/001,149230,absent,1
MTH  1303 05 in 04/001,149734,absent,1
MTH  1303 06 in 07/003,122208,absent,1
MTH  1303 06 in 07/003,138759,absent,1
MTH  1303 06 in 07/003,145545,absent,1
MTH  1303 06 in 07/003,145887,absent,1
MTH  1303 06 in 07/003,146303,absent,1
MTH  1303 06 in 07/003,148725,absent,1
MTH  1303 06 in 07/003,153449,absent,1
MTH  1303 06 in 07/003,154492,absent,1
MTH  1303 06 in 07/003,155219,absent,1
MTH  1303 06 in 07/003,156371,absent,1
MTH  1303 06 in 07/003,156767,absent,1
MTH  1303 06 in 07/003,157957,absent,1
MTH  1303 07 in 09/104,117629,absent,1
MTH  1303 07 in 09/104,143018,late,1
MTH  1303 07 in 09/104,143693,absent,1
MTH  1303 07 in 09/104,145433,absent,1
MTH  1303 07 in 09/104,145773,absent,1
MTH  1303 07 in 09/104,145847,absent,1
MTH  1303 07 in 09/104,146206,absent,1
MTH  1303 07 in 09/104,146282,absent,1
MTH  1303 07 in 09/104,148811,late,1
MTH  1303 07 in 09/104,149281,absent,1
MTH  1303 07 in 09/104,149544,late,1
MTH  1303 07 in 09/104,149574,late,1
MTH  1303 07 in 09/104,150504,absent,1
MTH  1303 07 in 09/104,152130,absent,1
MTH  1303 07 in 09/104,155863,late,1
MTH  1303 08 in 08B/108,149800,absent,1
MTH  1303 08 in 08B/108,152015,absent,1
MTH  1303 08 in 08B/108,154141,absent,1
MTH  1303 08 in 08B/108,157495,absent,1
MTH  1304 01 in 04/101,149637,absent,1
MTH  1304 01 in 04/101,149901,absent,1
MTH  1304 01 in 04/101,152497,absent,1
MTH  1304 01 in 04/108,119602,absent,1
MTH  1304 01 in 04/108,145432,absent,1
MTH  1304 01 in 04/108,145544,absent,1
MTH  1304 01 in 04/108,156103,absent,1
MTH  1304 02 in 04/001,114871,absent,1
MTH  1304 02 in 04/001,147772,absent,1
MTH  1304 03 in 04/108,143944,absent,1
MTH  1304 03 in 04/108,153563,absent,1
MTH  1304 03 in 04/108,157667,absent,1
MTH  1304 04 in 08B/112,135896,absent,1
MTH  1304 04 in 08B/112,143713,absent,1
MTH  1304 04 in 08B/112,145578,absent,1
MTH  1304 05 in 08B/112,119973,late,1
MTH  1304 05 in 08B/112,121109,absent,1
MTH  1304 05 in 08B/112,148365,absent,1
MTH  1304 06 in 04/004,146150,absent,1
MTH  1304 06 in 04/004,148053,absent,1
MTH  1304 07 in 08B/217,145988,absent,1
MTH  1304 08 in 04/002,147914,absent,1
MTH  1304 08 in 04/002,148166,absent,1
MTH  1304 08 in 04/002,149593,late,1
MTH  1304 08 in 04/002,154826,late,1
MTH  1304 08 in 04/002,99057,absent,1
MTH  1305 01 in 04/004,119849,late,1
MTH  1305 01 in 04/004,122917,absent,1
MTH  1305 01 in 04/004,137046,late,1
MTH  1305 01 in 04/004,138345,absent,1
MTH  1305 01 in 04/004,140098,late,1
MTH  1305 01 in 04/004,144655,late,1
MTH  1305 01 in 04/004,145897,late,1
MTH  1305 01 in 04/004,146037,absent,1
MTH  1305 01 in 04/004,147850,late,1
MTH  1305 01 in 04/004,148402,absent,1
MTH  1305 01 in 04/004,148750,absent,1
MTH  1305 01 in 04/004,151149,late,1
MTH  1305 01 in 04/004,154289,late,1
MTH  1305 01 in 04/004,154994,absent,1
MTH  1305 01 in 04/004,155340,late,1
MTH  1305 01 in 04/004,155989,late,1
MTH  1305 01 in 04/004,156519,late,1
MTH  1305 01 in 04/004,157867,absent,1
MTH  1305 01 in 04/004,159421,late,1
MTH  1305 01 in 04/004,159672,late,1
MTH  1305 01 in 04/004,159894,late,1
MTH  1305 01 in 04/105,106518,absent,1
MTH  1305 01 in 04/105,120301,late,1
MTH  1305 01 in 04/105,121364,absent,1
MTH  1305 01 in 04/105,121441,late,1
MTH  1305 01 in 04/105,123642,late,1
MTH  1305 01 in 04/105,141936,absent,1
MTH  1305 01 in 04/105,145802,late,1
MTH  1305 01 in 04/105,147661,late,1
MTH  1305 01 in 04/105,147994,absent,1
MTH  1305 01 in 04/105,148750,absent,1
MTH  1305 01 in 04/105,149794,absent,1
MTH  1305 01 in 04/105,150566,absent,1
MTH  1305 01 in 04/105,155815,absent,1
MTH  1305 01 in 04/105,156780,absent,1
MTH  1305 01 in 04/105,157091,late,1
MTH  1305 01 in 04/105,157414,absent,1
MTH  1305 02 in 04/101,143031,absent,1
MTH  1305 02 in 04/101,148679,absent,1
MTH  1305 03 in 04/001,150856,absent,1
MTH  1305 03 in 04/001,151255,absent,1
MTH  1305 03 in 04/001,154113,absent,1
MTH  1305 03 in 04/001,154188,absent,1
MTH  1305 03 in 04/001,155674,absent,1
MTH  1305 03 in 04/001,159562,absent,1
MTH  1305 03 in 04/001,84968,absent,1
MTH  1305 04 in 04/105,121861,absent,1
MTH  1305 04 in 04/105,124513,absent,1
MTH  1305 04 in 04/105,135527,absent,1
MTH  1305 04 in 04/105,144638,absent,1
MTH  1305 04 in 04/105,146027,absent,1
MTH  1305 04 in 04/105,147916,absent,1
MTH  1305 04 in 04/105,148671,absent,1
MTH  1305 04 in 04/105,153036,absent,1
MTH  1305 06 in 04/105,121514,absent,1
MTH  1305 06 in 04/105,143242,late,1
MTH  1305 06 in 04/105,145384,absent,1
MTH  1305 06 in 04/105,145488,absent,1
MTH  1305 06 in 04/105,146855,absent,1
MTH  1305 06 in 04/105,151924,absent,1
MTH  1305 06 in 04/105,156519,absent,1
MTH  1305 06 in 04/105,156906,absent,1
MTH  1305 06 in 04/105,157047,late,1
MTH  1305 06 in 04/105,157239,absent,1
MTH  1388 01 in 04/102,111396,absent,1
MTH  1388 01 in 04/102,112360,absent,1
MTH  1388 01 in 04/102,112755,absent,1
MTH  1388 01 in 04/102,125008,absent,1
MTH  1388 01 in 04/102,145043,absent,1
MTH  1388 01 in 04/102,150156,absent,1
MTH  1388 01 in 04/102,155579,absent,1
MTH  1388 01 in 04/102,157496,absent,1
MTH  2301 02 in 04/002,101084,absent,1
MTH  2301 02 in 04/002,119196,absent,1
MTH  2301 02 in 04/002,144603,absent,1
MTH  2301 02 in 04/002,144846,absent,1
MTH  2301 02 in 04/002,145911,absent,1
MTH  2301 02 in 04/002,151695,absent,1
MTH  2301 03 in 04/004,112912,absent,1
MTH  2301 03 in 04/004,119973,absent,1
MTH  2301 04 in 04/007,104927,absent,1
MTH  2301 04 in 04/007,118951,absent,1
MTH  2301 04 in 04/007,120039,absent,1
MTH  2301 04 in 04/007,124743,absent,1
MTH  2301 04 in 04/007,124883,absent,1
MTH  2301 04 in 04/007,136011,absent,1
MTH  2301 04 in 04/007,143543,absent,1
MTH  2301 05 in 08B/103,119567,late,1
MTH  2301 05 in 08B/103,142906,late,1
MTH  2301 05 in 08B/103,143318,late,1
MTH  2301 06 in 08B/108,118611,absent,1
MTH  2301 06 in 08B/108,119358,absent,1
MTH  2301 06 in 08B/108,144637,absent,1
MTH  2301 06 in 08B/108,145135,absent,1
MTH  2301 06 in 08B/108,150556,absent,1
MTH  2301 06 in 08B/108,94574,absent,1
MTH  2301 08 in 04/107,103078,absent,1
MTH  2301 08 in 04/107,120198,absent,1
MTH  2301 08 in 04/107,123134,absent,1
MTH  2301 08 in 04/107,136227,absent,1
MTH  2301 08 in 04/107,137442,absent,1
MTH  2301 10 in 04/001,117017,late,1
MTH  2301 10 in 04/001,135573,absent,1
MTH  2301 10 in 04/001,137611,absent,1
MTH  2301 10 in 04/001,142909,absent,1
MTH  2301 10 in 04/001,145757,absent,1
MTH  2301 10 in 04/001,155208,absent,1
MTH  2301 10 in 04/001,85077,late,1
MTH  2301 10 in 04/001,87764,absent,1
MTH  2301 11 in 04/001,100293,absent,1
MTH  2301 11 in 04/001,117713,late,1
MTH  2301 11 in 04/001,118352,late,1
MTH  2301 11 in 04/001,120748,absent,1
MTH  2301 11 in 04/001,135643,late,1
MTH  2301 11 in 04/001,138919,absent,1
MTH  2301 11 in 04/001,140818,absent,1
MTH  2301 11 in 04/001,146754,absent,1
MTH  2301 11 in 04/001,158407,absent,1
MTH  2301 11 in 04/001,84786,absent,1
MTH  2301 11 in 04/001,96840,absent,1
MTH  2301 11 in 04/001,99876,late,1
MTH  2303 01 in 11/105,99482,absent,1
MTH  2303 03 in 08/104,120211,absent,1
MTH  2303 03 in 08/104,124835,absent,1
MTH  2304 01 in 06/106,101389,absent,1
MTH  2304 01 in 06/106,101519,absent,1
MTH  2304 01 in 06/106,90474,absent,1
MTH  2304 01 in 06/106,94945,absent,1
MTH  2304 01 in 06/106,97337,absent,1
MTH  2304 02 in 04/106,140815,absent,1
MTH  2304 02 in 04/106,84939,absent,1
MTH  2304 02 in 04/106,94469,absent,1
MTH  2304 02 in 04/106,98778,absent,1
MTH  2320 04 in 04/101,109024,absent,1
MTH  2320 04 in 04/101,121059,absent,1
MTH  2320 04 in 04/101,123793,absent,1
MTH  2320 04 in 04/101,143023,absent,1
MTH  2320 04 in 04/101,143240,absent,1
MTH  2320 05 in 09/104,119865,absent,1
MTH  2320 05 in 09/104,142845,absent,1
MTH  2320 05 in 09/104,76943,absent,1
MTH  2320 05 in 09/104,85807,absent,1
MTH  2320 06 in 04/001,101036,absent,1
MTH  2320 06 in 04/001,102913,absent,1
MTH  2320 06 in 04/001,112395,absent,1
MTH  2320 06 in 04/001,117459,absent,1
MTH  2320 06 in 04/001,118609,absent,1
MTH  2320 06 in 04/001,141853,absent,1
MTH  2320 06 in 04/001,83694,absent,1
MTH  2320 06 in 04/001,85274,absent,1
MTH  2320 06 in 04/001,86365,absent,1
MTH  2320 06 in 04/001,99862,absent,1
MTH  3301 02 in 07/003,142767,absent,1
MTH  3301 02 in 07/003,80561,absent,1
MTH  3301 02 in 07/003,82956,absent,1
MTH  3301 03 in 04/001,100920,absent,1
MTH  3301 03 in 04/001,102642,absent,1
MTH  3301 04 in 08/104,100968,absent,1
MTH  3301 04 in 08/104,108349,absent,1
PHI  2301 02 in 04/003,111894,absent,1
PHI  2301 02 in 04/003,149696,absent,1
PHI  2301 02 in 04/003,98325,absent,1
PHI  2301 03 in 06/008,135954,absent,1
PHI  2301 03 in 06/008,84764,absent,1
PHI  2302 04 in 11/105,117275,late,1
PHI  2302 04 in 11/105,141382,absent,1
PHY  1400 01   L,123051,absent,1
PHY  1400 02   L,118441,absent,1
PHY  1400 02   L,156432,absent,1
PHY  1400 02   L,81012,late,1
PHY  1400 02   L,86876,late,1
PHY  1400 02   L,87058,absent,1
PHY  1401 01   L in 07/004,151231,late,1
PHY  1401 01 in 09/104,142404,absent,1
PHY  1401 02   L in 07/004,143296,absent,1
PHY  1401 02   L in 07/004,144735,absent,1
PHY  1401 02 in 04/106,117913,absent,1
PHY  1401 02 in 04/106,120063,absent,1
PHY  1401 02 in 04/106,122373,absent,1
PHY  1401 02 in 04/106,137442,absent,1
PHY  1401 02 in 04/106,137472,absent,1
PHY  1401 02 in 04/106,138123,absent,1
PHY  1401 02 in 04/106,141336,absent,1
PHY  1401 02 in 04/106,143543,absent,1
PHY  1401 02 in 04/106,145847,absent,1
PHY  1401 02 in 04/106,146303,absent,1
PHY  1401 02 in 04/106,146665,absent,1
PHY  1401 02 in 04/106,146705,absent,1
PHY  1401 02 in 04/106,148525,absent,1
PHY  1401 02 in 04/106,148618,absent,1
PHY  1401 02 in 04/106,157957,absent,1
PHY  1401 02 in 04/106,97318,absent,1
PHY  1401 03   L in 07/004,144603,absent,1
PHY  1401 03   L in 07/004,146334,absent,1
PHY  1401 03 in 08B/108,124883,absent,1
PHY  1401 03 in 08B/108,125632,absent,1
PHY  1401 03 in 08B/108,138919,absent,1
PHY  1401 03 in 08B/108,144603,absent,1
PHY  1401 03 in 08B/108,146116,absent,1
PHY  1401 03 in 08B/108,146226,absent,1
PHY  1401 03 in 08B/108,146334,absent,1
PHY  1401 03 in 08B/108,152041,absent,1
PHY  1401 04 in 04/007,136011,absent,1
PHY  1401 04 in 04/007,144159,absent,1
PHY  1401 05 in 04/105,147772,absent,1
PHY  1401 05 in 04/105,156103,absent,1
PHY  1401 06   L in 07/004,147772,late,1
PHY  1401 06   L in 07/004,157957,absent,1
PHY  1401 07   L in 07/004,149549,late,1
PHY  1401 07   L in 07/004,152041,late,1
PHY  1401 07 in 08B/108,117611,absent,1
PHY  1401 07 in 08B/108,117688,absent,1
PHY  1401 07 in 08B/108,118833,absent,1
PHY  1401 09 in 07/003,118530,absent,1
PHY  1401 09 in 07/003,123134,absent,1
PHY  1401 09 in 07/003,80919,absent,1
PHY  1401 11   L in 07/004,138123,absent,1
PHY  1401 11   L in 07/004,155051,absent,1
PHY  1401 13   L in 07/004,123134,absent,1
PHY  1401 13   L in 07/004,146226,late,1
PHY  1401 13   L in 07/004,80919,absent,1
PHY  1401 14   L in 07/004,148300,late,1
PHY  1401 15   L in 07/004,145944,absent,1
PHY  1401 16   L in 07/004,121699,absent,1
PHY  1401 16   L in 07/004,99862,absent,1
PHY  1401 17   L in 07/004,154751,absent,1
PHY  1401 17   L in 07/004,155492,late,1
PHY  1402 01 in 04/106,117873,absent,1
PHY  1402 01 in 04/106,119239,absent,1
PHY  1402 01 in 04/106,120355,absent,1
PHY  1402 01 in 04/106,122770,absent,1
PHY  1402 01 in 04/106,124275,absent,1
PHY  1402 01 in 04/106,140895,absent,1
PHY  1402 01 in 04/106,143526,absent,1
PHY  1402 01 in 04/106,89479,absent,1
PHY  1402 01 in 07/002,112395,absent,1
PHY  1402 01 in 07/002,114660,absent,1
PHY  1402 01 in 07/002,117611,absent,1
PHY  1402 01 in 07/002,118352,absent,1
PHY  1402 01 in 07/002,118410,absent,1
PHY  1402 01 in 07/002,118609,absent,1
PHY  1402 01 in 07/002,119564,absent,1
PHY  1402 01 in 07/002,120487,absent,1
PHY  1402 01 in 07/002,121857,absent,1
PHY  1402 01 in 07/002,124845,absent,1
PHY  1402 01 in 07/002,124883,absent,1
PHY  1402 01 in 07/002,138666,absent,1
PHY  1402 01 in 07/002,138919,absent,1
PHY  1402 02 in 04/004,101388,absent,1
PHY  1402 02 in 04/004,101647,absent,1
PHY  1402 02 in 04/004,102913,absent,1
PHY  1402 02 in 04/004,106449,absent,1
PHY  1402 02 in 04/004,110583,absent,1
PHY  1402 02 in 04/004,113494,absent,1
PHY  1402 02 in 04/004,120748,absent,1
PHY  1402 02 in 04/004,120895,absent,1
PHY  1402 02 in 04/004,142909,absent,1
PHY  1402 02 in 04/004,86365,absent,1
PHY  1402 02 in 04/004,94574,absent,1
PHY  1402 03 in 04/102,118463,absent,1
PHY  1402 03 in 04/102,119508,absent,1
PHY  1402 03 in 04/102,121321,absent,1
PHY  1402 03 in 04/102,121606,absent,1
PHY  1402 03 in 04/102,85458,absent,1
PHY  1402 04   L in 07/108,100612,late,1
PHY  1402 04   L in 07/108,120102,late,1
PHY  1402 04   L in 07/108,120895,late,1
PHY  1402 04   L in 07/108,122666,late,1
PHY  1402 04   L in 07/108,142652,late,
PHY  1402 04   L in 07/108,143573,late,1
PHY  1402 04 in 04/004,101139,absent,1
PHY  1402 04 in 04/004,102711,absent,1
PHY  1402 04 in 04/004,103184,absent,1
PHY  1402 04 in 04/004,117101,absent,1
PHY  1402 04 in 04/004,117459,absent,1
PHY  1402 04 in 04/004,118865,absent,1
PHY  1402 04 in 04/004,122105,absent,1
PHY  1402 04 in 04/004,122344,absent,1
PHY  1402 04 in 04/004,141472,absent,1
PHY  1402 04 in 04/004,143083,absent,1
PHY  1402 04 in 04/004,102711,absent,1
PHY  1402 04 in 04/004,103184,absent,1
PHY  1402 04 in 04/004,117101,absent,1
PHY  1402 04 in 04/004,117459,absent,1
PHY  1402 04 in 04/004,118865,absent,1
PHY  1402 04 in 04/004,122105,absent,1
PHY  1402 04 in 04/004,122344,absent,1
PHY  1402 04 in 04/004,141472,absent,1
PHY  1402 04 in 04/004,143083,absent,1
PHY  1402 04 in 04/004,143554,absent,1
PHY  1402 04 in 04/004,143818,absent,1
PHY  1402 04 in 04/004,99876,absent,1
PHY  1402 05   L in 07/108,113494,absent,1
PHY  1402 06   L in 07/108,109327,absent,1
PHY  1402 06   L in 07/108,117459,absent,1
PHY  1402 06   L in 07/108,138857,absent,1
PHY  1402 06   L in 07/108,89638,absent,1
PHY  1402 06 in 04/002,120406,absent,1
PHY  1402 06 in 04/002,124433,absent,1
PHY  1402 06 in 04/002,139936,absent,1
PHY  1402 06 in 04/002,142041,absent,1
PHY  1402 06 in 04/002,84786,absent,1
PHY  1402 06 in 04/002,85174,absent,1
PHY  1402 08   L in 07/108,113826,late,1
PHY  1402 08   L in 07/108,120356,late,1
PHY  1402 08   L in 07/108,124416,late,1
PHY  1402 08   L in 07/108,125634,late,1
PHY  1402 08   L in 07/108,143526,absent,1
PHY  1402 09   L in 07/108,120379,late,1
PLS  1001 01 in 08B/104,156406,absent,1
PLS  1001 01 in 08B/104,157499,absent,1
PRD  1001 01 in 08B/004,151391,absent,1
PRD  1001 01 in 08B/004,152305,absent,1
PRD  1001 01 in 08B/004,153309,absent,1
PRD  1001 01 in 08B/004,156549,absent,1
PRD  1001 01 in 08B/004,157499,absent,1
PRD  1001 01 in 08B/004,159587,absent,1
PSC  2301 01 in 11/003,83809,absent,1
PSC  2301 02 in 04/003,110990,absent,1
PSC  2301 02 in 04/003,96840,absent,1
PSC  2371 01 in 08/013,158026,absent,1
PSC  2371 01 in 08/013,85399,absent,1
PSC  3311 01 in 04/107,104273,absent,1
PSC  3311 01 in 04/107,117561,absent,1
PSC  3311 01 in 04/107,117670,absent,1
PSC  3311 01 in 04/107,143308,absent,1
PSC  3311 01 in 04/107,85588,absent,1
PSY  1301 01 in 04/001,135527,absent,1
PSY  1301 01 in 04/001,141478,absent,1
PSY  1301 01 in 04/001,142916,absent,1
PSY  1301 01 in 04/001,145390,absent,1
PSY  1301 01 in 04/001,146292,absent,1
PSY  1301 02,148053,absent,1
PSY  1301 02 in 04/102,118924,absent,1
PSY  1301 02 in 04/102,120955,absent,1
PSY  1301 02 in 04/102,150856,absent,1
PSY  1301 02 in 04/102,77488,absent,1
PSY  1301 02 in 04/102,82941,absent,1
PSY  1301 03 in 04/003,120565,absent,1
PSY  1301 03 in 04/003,123115,absent,1
PSY  1301 03 in 04/003,158112,absent,1
PSY  1301 03 in 04/003,158254,absent,1
PSY  1301 06 in 08B/217,119983,absent,1
PSY  1301 06 in 08B/217,122019,late,1
PSY  1301 06 in 08B/217,122422,absent,1
PSY  1301 06 in 08B/217,124711,absent,1
PSY  1301 06 in 08B/217,142037,absent,1
PSY  1301 06 in 08B/217,156780,late,1
PSY  2301 01 in 11/003,149696,absent,1
PSY  2301 01 in 11/003,79440,absent,1
PSY  2301 01 in 11/003,85166,absent,1
PSY  2301 01 in 11/003,88622,absent,1
PSY  2303 01 in 06/003,117963,absent,1
PSY  2303 01 in 06/003,122372,absent,1
PSY  2303 01 in 06/003,86410,absent,1
PSY  2303 02 in 08/013,125008,absent,1
PSY  2303 02 in 08/013,158254,absent,1
PSY  3398 01 in 08B/217,101501,absent,1
PSY  3398 01 in 08B/217,103478,absent,1
PSY  3398 01 in 08B/217,118476,absent,1
PSY  3398 01 in 08B/217,157872,absent,1
PSY  3398 01 in 08B/217,78508,absent,1
PSY  3398 01 in 08B/217,97959,absent,1
PWG  1001 01 in 08B/004,156549,absent,1
PWG  1001 01 in 08B/004,156741,absent,1
PWG  1001 02 in 04/103,155952,absent,1
PWG  1001 02 in 04/103,157499,absent,1
RES  3301 01 in 08/013,91881,absent,1
RES  4326 01 in 06/106,84580,absent,1
SCI  1300 01 in 07/003,157013,absent,1
SCM  3301 01 in 11/008,104385,absent,1
SCM  3301 01 in 11/008,111968,late,1
SCM  3301 01 in 11/008,113434,late,1
SCM  3301 01 in 11/008,122159,absent,1
SCM  3301 01 in 11/008,122431,absent,1
SCM  3301 02 in 04/105,105836,absent,1
SCM  3301 02 in 04/105,114756,absent,1
SCM  3301 02 in 04/105,85805,absent,1
SCM  4301 01 in 04/004,80057,absent,1
SCM  4301 01 in 04/004,80067,absent,1
SCM  4301 01 in 04/004,84301,late,1
SCM  4301 01 in 04/004,92160,absent,1
SCM  4301 01 in 04/004,96761,absent,1
SEM  5325 01 in 06/106,76245,absent,1
SLP  1101 04,117006,absent,1
SLP  1101 04,84846,late,1
SLP  1101 04,93073,late,1
SLP  1101 04,94661,absent,1
SLP  1101 05,102433,absent,1
SLP  1101 05,117101,absent,1
SLP  1101 05,80463,absent,1
SLP  1101 05,84351,absent,1
SLP  1101 05,87127,absent,1
SLP  1101 05,92777,absent,1
SOC  1301 01 in 06/003,136489,absent,1
SOC  1301 01 in 06/003,143031,absent,1
SPN  1301 01 in 11/101,117864,absent,1
SPN  1301 01 in 11/101,135532,absent,1
SPN  1301 01 in 11/101,84558,absent,1
SPN  1301 01 in 11/101,88869,absent,1
SPN  1301 01 in 11/101,89522,absent,1
SPN  1301 01 in 11/101,95414,absent,1
SPN  1301 02 in 08B/217,100459,absent,1
SPN  1301 02 in 08B/217,105117,absent,1
SPN  1301 02 in 08B/217,82996,absent,1
SPN  1301 02 in 08B/217,85936,absent,1
SPN  1301 03 in 11/101,117329,absent,1
SPN  1301 03 in 11/101,141648,absent,1
SPN  1301 03 in 11/101,84616,absent,1
SPN  1301 03 in 11/101,87118,absent,1
SPN  1301 03 in 11/101,88155,absent,1
SPN  1301 03 in 11/101,91684,absent,1
SPN  1301 04 in 04/003,151962,absent,1
SPN  1301 04 in 04/003,83892,absent,1
SPN  1301 04 in 04/003,84907,absent,1
SPN  1301 04 in 04/003,86594,absent,1
SPN  1301 04 in 04/003,88238,absent,1
SPN  1301 04 in 04/003,89163,absent,1
SPN  1301 04 in 04/003,95972,absent,1
SPN  1302 01 in 08/101,108091,absent,1
SPN  1302 01 in 08/101,113865,absent,1
SPN  1302 01 in 08/101,117183,absent,1
SPN  1302 01 in 08/101,84856,absent,1
SPN  1302 01 in 08/101,87898,absent,1
SPN  1302 01 in 08/101,89087,absent,1
SPN  1302 01 in 08/101,93608,absent,1
SSC  1310 01 in 11/101,139326,late,1
SSC  1310 01 in 11/101,139813,late,1
SSC  1310 01 in 11/101,143308,late,1
SSC  1310 01 in 11/101,145589,late,1
SSC  1310 01 in 11/101,148273,late,1
SSC  1310 01 in 11/101,149494,late,1
SSC  1310 01 in 11/101,89638,late,1
SSC  1310 02 in 04/107,103478,absent,1
SSC  1310 02 in 04/107,106132,absent,1
SSC  1310 02 in 04/107,110868,absent,1
SSC  1310 02 in 04/107,113865,absent,1
SSC  1310 02 in 04/107,143031,absent,1
SSC  2302 01 in 08B/004,142389,absent,1
SSC  2302 01 in 08B/004,144878,absent,1
SSC  3140 02 in 04/AUD,102693,absent,1
SSC  3140 02 in 04/AUD,110990,absent,1
SSC  3140 02 in 04/AUD,117901,late,1
SSC  3140 02 in 04/AUD,138857,absent,1
SSC  3140 02 in 04/AUD,149704,absent,1
SSC  3140 02 in 04/AUD,155722,absent,1
SSC  3140 02 in 04/AUD,85856,absent,1
SSC  3404 01 in 08/014,84297,absent,1
SSC  3404 01 in 08/014,85588,absent,1
SSC  4302 01 in 04/107,84229,absent,1
SSC  4302 01 in 04/107,85399,absent,1
SSC  4302 01 in 04/107,91756,absent,1
SSC  4302 02 in 08/101,75303,absent,1
SSC  4302 02 in 08/101,79440,absent,1
SSC  4302 02 in 08/101,97006,absent,1
SSC  4302 03 in 08/111,84308,absent,1
SSC  5302 03 in 08/104,137439,absent,1
SSC  5362 01 in 10/004,153613,absent,1
STA  2401 01 in 04/002,100821,absent,1
STA  2401 01 in 04/002,102098,absent,1
STA  2401 01 in 04/002,118438,absent,1
STA  2401 01 in 04/002,119890,absent,1
STA  2401 01 in 04/002,80546,absent,1
STA  2401 01 in 04/002,83350,absent,1
STA  2401 01 in 04/002,84699,absent,1
STA  2401 01 in 04/002,84958,absent,1
STA  2401 01 in 04/002,85911,absent,1
STA  2401 01 in 04/002,89816,absent,1
STA  2401 01 in 04/002,91198,absent,1
STA  2401 01 in 04/002,96119,late,1
TMZ  1301 01 in 08/101,149693,absent,1
TMZ  1301 01 in 08/101,149877,absent,1
TMZ  1301 01 in 08/101,151818,absent,1
TMZ  1301 01 in 08/101,153613,absent,1
TMZ  1301 01 in 08/101,75886,absent,1
TMZ  1301 01 in 08/101,86398,absent,1
TMZ  1301 01 in 08/101,94353,absent,1
ACC  2301 01 in 09/104,145199,absent,1
ACC  2301 01 in 09/104,145683,absent,1
ACC  2301 01 in 09/104,148151,absent,1
ACC  2301 01 in 09/104,149833,absent,1
ACC  2301 01 in 09/104,150885,absent,1
ACC  2301 01 in 09/104,154929,absent,1
ACC  2301 02 in 07/003,135763,absent,1
ACC  2301 02 in 07/003,149186,absent,1
ACC  2301 03 in 08B/108,117425,absent,1
ACC  2301 03 in 08B/108,118737,absent,1
ACC  2301 03 in 08B/108,147064,absent,1
ACC  2301 03 in 08B/108,147969,absent,1
ACC  2301 03 in 08B/108,155218,absent,1
ACC  2301 04 in 04/007,102402,absent,1
ACC  2301 04 in 04/007,120379,absent,1
ACC  2301 04 in 04/007,120962,absent,1
ACC  2301 04 in 04/007,145356,absent,1
ACC  2301 04 in 04/007,152793,absent,1
ACC  2301 04 in 04/007,76288,absent,1
ACC  2301 04 in 04/007,82956,absent,1
ACC  2301 04 in 04/007,96120,absent,1
ACC  2301 04 in 04/101,100765,absent,1
ACC  2301 04 in 04/101,119973,absent,1
ACC  2301 04 in 04/101,121861,absent,1
ACC  2301 04 in 04/101,122465,absent,1
ACC  2301 04 in 04/101,143276,absent,1
ACC  2301 04 in 04/101,145464,absent,1
ACC  2301 04 in 04/101,148275,absent,1
ACC  2301 04 in 04/101,148725,absent,1
ACC  2301 04 in 04/101,150788,absent,1
ACC  2301 05 in 08/013,122465,absent,1
ACC  2301 05 in 08/013,123847,late,1
ACC  2301 05 in 08/013,84207,late,1
ACC  2301 05 in 08/013,99422,absent,1
ACC  2301 06 in 04/101,120877,absent,1
ACC  2301 06 in 04/101,146654,absent,1
ACC  2301 07 in 04/108,120084,absent,1
ACC  2301 07 in 04/108,124315,absent,1
ACC  2301 07 in 04/108,135716,absent,1
ACC  2301 07 in 04/108,143543,absent,1
ACC  2301 07 in 04/108,148452,absent,1
ACC  2301 07 in 04/108,154647,absent,1
ACC  2301 08 in 08B/108,149336,absent,1
ACC  2301 08 in 08B/108,153151,absent,1
ACC  2301 08 in 08B/108,157406,absent,1
ACC  2301 08 in 08B/108,81087,absent,1
ACC  2302 01 in 04/001,103200,absent,1
ACC  2302 01 in 04/001,111275,absent,1
ACC  2302 01 in 04/001,113398,absent,1
ACC  2302 01 in 04/001,114034,absent,1
ACC  2302 01 in 04/001,124711,absent,1
ACC  2302 02 in 07/002,104233,absent,1
ACC  2302 02 in 07/002,115139,absent,1
ACC  2302 02 in 07/002,118067,absent,1
ACC  2302 02 in 07/002,121929,absent,1
ACC  2302 02 in 07/002,124513,absent,1
ACC  2302 02 in 07/002,147802,absent,1
ACC  2302 02 in 07/002,156678,absent,1
ACC  2302 03 in 04/105,118774,absent,1
ACC  2302 03 in 04/105,119635,absent,1
ACC  2302 03 in 04/105,120231,absent,1
ACC  2302 03 in 04/105,136430,absent,1
ACC  2302 03 in 04/105,143692,absent,1
ACC  2302 03 in 04/105,98931,absent,1
ACC  2302 04 in 04/002,137889,absent,1
ACC  2302 04 in 04/002,86363,late,1
ACC  2302 05 in 10/107,101121,absent,1
ACC  2302 05 in 10/107,105610,absent,1
ACC  2302 05 in 10/107,124199,absent,1
ACC  3201 01 in 09/104,100877,absent,1
ACC  3201 02 in 04/105,103033,absent,1
ACC  3201 02 in 04/105,82976,absent,1
ACC  3201 03 in 04/105,103163,absent,1
ACC  3201 03 in 04/105,108260,absent,1
ACC  3201 03 in 04/105,87689,absent,1
ACC  3201 03 in 04/105,90507,absent,1
ACC  3201 04 in 08B/108,100936,absent,1
ACC  3201 04 in 08B/108,101119,absent,1
ACC  3201 04 in 08B/108,103813,absent,1
ACC  3201 04 in 08B/108,116356,absent,1
ACC  4305 01 in 11/105,100736,late,1
ACC  4305 01 in 11/105,105984,absent,1
ACC  4305 01 in 11/105,84181,absent,1
ACC  4305 01 in 11/105,94353,absent,1
ACC  4305 01 in 11/105,94894,absent,1
ACC  4305 01 in 11/105,99954,absent,1
ALS  1001 01 in 08B/111,146670,absent,1
ALS  1001 01 in 08B/111,150670,absent,1
ALS  1001 01 in 08B/111,154229,absent,1
ALS  1001 01 in 08B/111,154922,absent,1
ALS  1001 01 in 08B/111,156779,absent,1
ALS  1001 02 in 08B/103,156549,absent,1
ALS  1001 03 in 08B/102,148747,absent,1
ALS  1001 04 in 10/004,144410,absent,1
ALS  1001 04 in 10/004,153893,absent,1
ALS  1001 04 in 10/004,155132,absent,1
ALS  1001 05 in 04/103,144463,absent,1
ALS  1001 05 in 04/103,158003,absent,1
ALS  1002 01 in 10/102,149131,absent,1
ALS  1002 02 in 08B/107,145159,late,1
ALS  1002 03 in 10/004,121861,absent,1
ALS  1002 03 in 10/004,156499,absent,1
ALS  1002 04 in 10/004,145005,absent,1
ALS  1002 04 in 10/004,145256,absent,1
ALS  1002 04 in 10/004,146303,absent,1
ALS  1002 04 in 10/004,147919,absent,1
ALS  1002 04 in 10/004,149457,absent,1
ALS  1002 04 in 10/004,155131,absent,1
ALS  1002 04 in 10/004,155815,absent,1
ALS  1002 04 in 10/004,156541,absent,1
ALS  1002 05 in 08B/218,156769,absent,1
ALS  1002 05 in 08B/218,158674,absent,1
ALS  1002 06 in 08/111,92629,absent,1
ALS  1002 08 in 05/107,142044,absent,1
ALS  1002 09 in 05/107,147994,absent,1
ALS  1002 09 in 05/107,149646,absent,1
ARA  1201 01 in 11/101,157957,absent,1
ARB  1201 01 in 10/004,159562,absent,1
ARB  1201 02 in 10/004,153613,absent,1
ARB  1202 02 in 06/111,153309,absent,1
ARB  1202 02 in 06/111,159595,absent,1
ARB  1241 03 in 08/013,154643,absent,1
ARB  1241 03 in 08/013,156193,absent,1
ARB  1241 04 in 06/106,148747,absent,1
ARB  1241 04 in 06/106,151391,absent,1
ARB  1241 04 in 06/106,154955,absent,1
ARB  1241 04 in 06/106,158674,absent,1
ARB  1241 05 in 06/008,146150,absent,1
ARB  1241 05 in 06/008,146335,absent,1
ARB  1241 05 in 06/008,150640,absent,1
ARB  1241 05 in 06/008,154929,absent,1
ARB  1241 06 in 08B/004,154885,absent,1
ARB  1241 06 in 08B/004,155132,absent,1
ARB  1241 06 in 08B/004,157051,absent,1
ARB  1241 10 in 08B/112,154113,absent,1
ARB  1241 10 in 08B/112,157416,absent,1
ARB  1241 10 in 08B/112,158003,absent,1
ARB  1241 11 in 08B/111,154428,absent,1
ARB  1241 11 in 08B/111,155214,absent,1
ARB  1241 11 in 08B/111,158245,absent,1
ARB  1241 12 in 10/107,142226,absent,1
ARB  1241 12 in 10/107,149024,absent,1
ARB  1241 12 in 10/107,150981,absent,1
ARD  1001 04 in 08B/101,151974,absent,1
ARD  1001 04 in 08B/101,157416,late,1
ARD  1001 05 in 08B/218,146670,absent,1
ARD  1001 05 in 08B/218,158003,absent,1
ARD  1001 05 in 08B/218,158245,absent,1
ARD  1001 05 in 08B/218,158404,absent,1
ARD  1002 01 in 10/105,150423,absent,1
ARD  1002 01 in 10/105,157331,absent,1
ARD  1002 02 in 08B/101,149097,absent,1
ARD  1002 02 in 08B/101,151028,absent,1
ARD  1002 03 in 08B/106,105815,absent,1
ARD  1002 03 in 08B/106,145660,absent,1
ARD  1002 03 in 08B/106,148127,absent,1
ARD  1002 03 in 08B/106,151085,absent,1
ARD  1002 03 in 08B/106,154050,absent,1
ARD  1002 03 in 08B/106,155579,absent,1
ARD  1002 03 in 08B/106,156499,absent,1
ARD  1002 03 in 08B/106,158674,absent,1
ARD  1002 04 in 08B/001,113185,absent,1
ARD  1002 04 in 08B/001,145363,absent,1
ARD  1002 04 in 08B/001,156623,absent,1
ARD  1002 05 in 08B/106,147916,absent,1
ARD  1002 05 in 08B/106,151487,absent,1
ARD  1002 06 in 11/008,145914,absent,1
ARD  1002 06 in 11/008,156108,late,1
ARD  1002 06 in 11/008,156715,absent,1
ARD  1002 06 in 11/008,156849,absent,1
ARD  1002 07 in 08B/104,146279,absent,1
ARD  1002 07 in 08B/104,148456,absent,1
ARD  1002 07 in 08B/104,148975,late,1
ARD  1002 07 in 08B/104,153711,absent,1
ARD  1002 07 in 08B/104,156820,late,1
ARD  1002 09 in 08B/218,154105,late,1
ARD  1002 09 in 08B/218,156769,absent,1
ARD  1002 10 in 11/008,155517,late,1
ART  1302 01 in 04/002,142345,absent,1
ART  1302 01 in 04/002,143353,late,1
ART  1302 01 in 04/002,92025,late,1
ART  1302 01 in 04/002,97039,late,1
ART  1302 02 in 04/007,107219,late,1
ART  1302 02 in 04/007,118438,late,1
ART  1302 02 in 04/007,94524,late,1
ART  1303 01 in 09/103,118558,late,1
ART  1303 01 in 09/103,84125,late,1
ART  1303 01 in 09/103,90592,absent,1
ART  1303 02 in 09/103,140439,late,1
ART  1303 02 in 09/103,154826,late,1
ART  1303 02 in 09/103,83695,late,1
ART  1303 02 in 09/103,84181,late,1
ART  1303 03 in 09/103,102034,absent,1
ART  1303 03 in 09/103,105610,absent,1
ART  1303 03 in 09/103,117386,absent,1
ART  1303 03 in 09/103,84266,absent,1
ART  1303 03 in 09/103,98836,absent,1
ART  1305 02 in 04/107,100044,absent,1
ART  1305 02 in 04/107,149760,absent,1
ART  1305 02 in 04/107,99691,absent,1
ART  3399 02 in 08B/004,101084,late,1
ART  3399 02 in 08B/004,123134,late,1
ART  3399 03 in 11/008,99901,absent,1
AWG  1001 01 in 08B/111,147837,absent,1
AWG  1001 01 in 08B/111,151391,absent,1
AWG  1001 01 in 08B/111,154229,absent,1
AWG  1001 02 in 04/103,146670,absent,1
AWG  1001 02 in 04/103,148747,absent,1
AWG  1001 02 in 04/103,151974,absent,1
AWG  1001 02 in 04/103,153278,absent,1
AWG  1001 02 in 04/103,157310,absent,1
AWG  1001 03 in 08B/218,146406,absent,1
AWG  1001 03 in 08B/218,157867,absent,1
AWG  1001 04 in 08B/111,145425,absent,1
AWG  1001 04 in 08B/111,153394,absent,1
AWG  1002 02 in 08B/001,103967,absent,1
AWG  1002 02 in 08B/001,125217,absent,1
AWG  1002 02 in 08B/001,154105,absent,1
AWG  1002 02 in 08B/001,157813,absent,1
AWG  1002 02 in 08B/001,159595,absent,1
AWG  1002 04 in 11/008,150445,absent,1
AWG  1002 04 in 11/008,154855,late,1
AWG  1002 05 in 08B/102,150423,absent,1
AWG  1002 05 in 08B/102,151149,absent,1
AWG  1002 05 in 08B/102,156519,absent,1
AWG  1002 05 in 08B/102,158859,absent,1
AWG  1002 05 in 08B/102,92629,absent,1
AWG  1002 06 in 08B/103,147916,absent,1
AWG  1002 06 in 08B/103,153711,absent,1
AWG  1002 07 in 08B/104,144840,absent,1
AWG  1002 07 in 08B/104,145225,late,1
AWG  1002 07 in 08B/104,156438,absent,1
AWG  1002 08 in 08B/106,145255,absent,1
AWG  1002 08 in 08B/106,151238,absent,1
AWG  1002 08 in 08B/106,153145,absent,1
AWG  1002 08 in 08B/106,154649,absent,1
AWG  1002 08 in 08B/106,154765,absent,1
AWG  1002 08 in 08B/106,156820,absent,1
AWG  1002 09 in 10/102,145914,absent,1
AWG  1002 09 in 10/102,149457,absent,1
AWG  1002 09 in 10/102,155131,absent,1
AWG  1002 09 in 10/102,155815,absent,1
AWG  1002 09 in 10/102,156559,absent,1
AWG  1002 11 in 10/102,145424,absent,1
AWG  1002 12 in 04/102,103623,absent,1
AWG  1002 13 in 05/107,145694,absent,1
AWG  1002 13 in 05/107,147994,absent,1
AWG  1002 14 in 08B/107,155579,absent,1
AWG  1002 15 in 08B/002,156769,absent,1
BAI  3301 02 in 05/003,100843,absent,1
BAI  3301 02 in 05/003,105841,absent,1
BAI  3301 02 in 05/003,89027,late,1
BAI  3399 01 in 09/104,100868,absent,1
BAI  3399 01 in 09/104,103033,absent,1
BAI  3399 01 in 09/104,113434,absent,1
BIO  1400 01   L in 05/005,143465,absent,1
BIO  1400 01   L in 05/005,150517,absent,1
BIO  1400 01   L in 05/005,98413,absent,1
BIO  1400 01 in 04/105,101502,absent,1
BIO  1400 01 in 04/105,135532,absent,1
BIO  1400 01 in 04/105,143465,absent,1
BIO  1400 01 in 04/105,158006,absent,1
BIO  1400 01 in 04/105,66924,absent,1
BIO  1400 01 in 04/105,77488,absent,1
BIO  1400 01 in 04/105,80062,absent,1
BIO  1400 01 in 04/105,94753,absent,1
BIO  1400 02   L in 05/005,100286,absent,1
BIO  1400 02   L in 05/005,121711,absent,1
BIO  1400 02   L in 05/005,122586,absent,1
BIO  1400 02   L in 05/005,77488,absent,1
BIO  1400 03   L in 05/005,66924,absent,1
BIO  1400 03   L in 05/005,94753,absent,1
BIO  1401 01 in 04/101,142909,absent,1
BIO  1401 01 in 04/101,73456,absent,1
BIO  1401 01 in 09/104,84451,absent,1
BIO  1401 01 in 09/104,86965,absent,1
BIO  1401 01 in 09/104,99758,absent,1
BIO  1401 03   L in 05/005,124013,absent,1
CHE  1302 01   L in 06/006,83204,absent,1
CHE  1302 01   L in 06/006,86365,absent,1
CHE  1302 01   L in 06/006,92452,absent,1
CHE  1302 02   L in 06/006,85868,absent,1
CHE  1302 02   L in 06/006,98831,absent,1
CHE  1302 02   L in 06/006,99342,absent,1
CHE  1302 03   L in 06/006,98325,absent,1
CHE  1400 01   L in 06/006,116045,absent,1
CHE  1400 01   L in 06/006,153112,absent,1
CHE  1400 01 in 06/003,116045,absent,1
CHE  1400 01 in 06/003,117884,absent,1
CHE  1400 01 in 06/003,119119,absent,1
CHE  1400 01 in 06/003,120101,absent,1
CHE  1400 01 in 06/003,121364,absent,1
CHE  1400 01 in 06/003,121990,absent,1
CHE  1400 01 in 06/003,122127,absent,1
CHE  1400 01 in 06/003,122917,absent,1
CHE  1400 01 in 06/003,130820,absent,1
CHE  1400 01 in 06/003,142037,absent,1
CHE  1400 01 in 06/003,150885,absent,1
CHE  1400 01 in 06/003,153112,absent,1
CHE  1400 02   L in 06/006,104548,absent,1
CHE  1400 02   L in 06/006,84475,absent,1
CHE  1400 02 in 06/003,148974,absent,1
CHE  1400 02 in 06/003,95754,absent,1
CHE  1400 03   L in 06/006,120825,absent,1
CHE  1400 03   L in 06/006,148974,absent,1
CHE  1400 03 in 06/003,104233,absent,1
CHE  1400 03 in 06/003,112316,absent,1
CHE  1400 03 in 06/003,118959,absent,1
CHE  1400 03 in 06/003,120403,absent,1
CHE  1400 03 in 06/003,120450,absent,1
CHE  1400 03 in 06/003,151924,absent,1
CHE  1400 03 in 06/003,98466,absent,1
CHE  1400 04 in 06/003,120825,absent,1
CHE  1400 04 in 06/003,81266,absent,1
CHE  1400 04 in 06/003,84181,absent,1
CHE  1400 04 in 06/003,85191,absent,1
CHE  1400 04 in 06/003,99958,absent,1
CHE  1400 06   L in 06/006,117340,absent,1
CHE  1400 06   L in 06/006,138345,absent,1
CHE  1400 07   L in 06/006,125591,absent,1
CHE  1400 07   L in 06/006,136489,absent,1
CHE  1400 08   L in 06/006,141660,absent,1
CHE  1400 09   L in 06/006,143625,absent,1
CHE  1401 01 in 06/003,101121,absent,1
CHE  1401 01 in 06/003,147086,absent,1
CHE  1401 01 in 06/003,149800,absent,1
CHE  1401 01 in 06/003,153129,absent,1
CHE  1401 01 in 06/003,157279,absent,1
CHE  1401 02   L in 06/006,101116,absent,1
CHE  1401 02   L in 06/006,141215,absent,1
CHE  1401 02   L in 06/006,143240,absent,1
CHE  1401 02 in 06/003,145157,absent,1
CHE  1401 02 in 06/003,145773,absent,1
CHE  1401 02 in 06/003,152130,absent,1
CHE  1401 03   L in 06/006,119747,absent,1
CHE  1401 03 in 06/003,142345,absent,1
CHE  1401 03 in 06/003,146279,absent,1
CHE  1401 04 in 06/003,113494,absent,1
CHE  1401 04 in 06/003,116752,absent,1
CHE  1401 04 in 06/003,76484,absent,1
CHE  1401 05 in 06/003,100485,absent,1
CHE  1401 05 in 06/003,102913,absent,1
CHE  1401 05 in 06/003,111797,absent,1
CHE  1401 05 in 06/003,119574,late,1
CHE  1401 05 in 06/003,90793,absent,1
CHE  1401 05 in 06/003,98392,absent,1
CHE  1401 06   L in 06/006,101850,absent,1
CHE  1401 06   L in 06/006,151031,late,1
CHE  1401 07   L in 06/006,149739,absent,1
CHE  1401 08   L in 06/006,136430,absent,1
CHE  1401 08   L in 06/006,149800,absent,1
CHE  1401 08   L in 06/006,155733,absent,1
CLT12,103882,late,1
CLT12,116839,absent,1
CLT12,135957,absent,1
CLT12,138261,absent,1
CLT12,141736,absent,1
CLT12,96236,absent,1
COM  1301 01 in 04/108,143353,absent,1
COM  1301 02 in 08/104,148151,absent,1
COM  1301 04 in 08B/002,100765,absent,1
COM  1301 04 in 08B/002,103683,absent,1
COM  1301 04 in 08B/002,148085,absent,1
COM  1301 05 in 08/114,143944,absent,1
COM  1301 05 in 08/114,147607,absent,1
COM  1301 05 in 08/114,149760,absent,1
COM  1301 06 in 08B/101,121929,absent,1
COM  1301 06 in 08B/101,122586,absent,1
COM  1301 06 in 08B/101,142767,absent,1
COM  1301 06 in 08B/101,143627,absent,1
COM  1301 07 in 08B/101,114810,absent,1
COM  1301 07 in 08B/101,120339,absent,1
COM  1301 07 in 08B/101,122045,absent,1
COM  1301 07 in 08B/101,141240,absent,1
COM  1301 07 in 08B/101,151572,absent,1
COM  1301 08 in 08B/101,118513,absent,1
COM  1301 08 in 08B/101,122826,absent,1
COM  1301 08 in 08B/101,146602,absent,1
COM  1301 08 in 08B/101,147367,absent,1
COM  1301 08 in 08B/101,148525,absent,1
COM  1301 08 in 08B/101,149527,absent,1
COM  1301 08 in 08B/101,99958,absent,1
COM  1301 09 in 08B/101,119805,absent,1
COM  1301 09 in 08B/101,119924,absent,1
COM  1301 09 in 08B/101,123522,absent,1
COM  1301 09 in 08B/101,139849,absent,1
COM  1301 09 in 08B/101,141939,absent,1
COM  1301 09 in 08B/101,150105,absent,1
COM  1301 09 in 08B/101,153502,absent,1
COM  1301 10 in 04/002,124890,absent,1
COM  1301 10 in 04/002,125412,absent,1
COM  1301 10 in 04/002,136227,absent,1
COM  1301 10 in 04/002,148725,absent,1
COM  1301 10 in 04/002,148815,absent,1
COM  1301 10 in 04/002,156393,absent,1
COM  1301 10 in 04/002,86786,absent,1
COM  1301 10 in 04/002,90402,absent,1
COM  1301 11 in 04/007,120918,absent,1
COM  1301 11 in 04/007,140515,absent,1
COM  1301 11 in 04/007,150504,absent,1
COM  1301 12 in 06/106,118924,absent,1
COM  1301 14 in 11/105,157585,absent,1
COM  1301 15 in 10/107,145356,absent,1
COM  1301 15 in 10/107,145432,late,1
COM  1301 15 in 10/107,146965,late,1
COM  1301 15 in 10/107,147180,late,1
COM  1301 15 in 10/107,148273,late,1
COM  1301 15 in 10/107,154569,late,1
COM  1301 15 in 10/107,156102,late,1
COM  1301 15 in 10/107,156716,late,1
COM  1301 15 in 10/107,157029,absent,1
COM  1301 16 in 11/101,125632,late,1
COM  1301 16 in 11/101,147218,late,1
COM  1301 16 in 11/101,149422,late,1
COM  1301 17 in 08B/AUD,119647,late,1
COM  1301 17 in 08B/AUD,120038,absent,1
COM  1301 17 in 08B/AUD,145290,late,1
COM  1301 17 in 08B/AUD,146126,late,1
COM  1301 17 in 08B/AUD,146176,late,1
COM  1301 17 in 08B/AUD,146282,late,1
COM  1301 17 in 08B/AUD,149305,late,1
COM  1301 17 in 08B/AUD,149578,late,1
COM  1301 17 in 08B/AUD,154777,late,1
COM  1301 18 in 08B/101,143031,absent,1
COM  1301 18 in 08B/101,143318,absent,1
COM  1301 18 in 08B/101,150517,absent,1
COM  1301 18 in 08B/101,154928,absent,1
COM  1301 19 in 08B/101,145643,absent,1
COM  1301 20 in 04/107,145297,absent,1
COM  1301 20 in 04/107,149887,absent,1
COM  1301 21 in 04/102,118833,absent,1
COM  1301 21 in 04/102,124199,absent,1
COM  1301 21 in 04/102,148104,late,1
COM  1301 22 in 11/101,120231,absent,1
COM  1301 22 in 11/101,120767,absent,1
COM  1301 22 in 11/101,122631,absent,1
COM  1301 22 in 11/101,141315,absent,1
COM  1301 24 in 11/105,143034,absent,1
COM  1301 24 in 11/105,149515,absent,1
COM  1301 25 in 06/008,117333,late,1
COM  1301 25 in 06/008,118774,absent,1
COM  1301 25 in 06/008,125503,absent,1
COM  1301 26 in 11/105,114384,absent,1
COM  1304 01 in 04/106,120395,absent,1
COM  1304 01 in 04/106,122105,absent,1
COM  1304 01 in 04/106,135475,absent,1
COM  1304 02 in 04/101,120102,absent,1
COM  1304 02 in 04/101,121634,absent,1
COM  1304 02 in 04/101,122373,absent,1
COM  1304 02 in 04/101,125143,absent,1
COM  1304 02 in 04/101,141648,absent,1
COM  1304 02 in 04/101,84346,absent,1
COM  1304 02 in 04/101,94614,absent,1
COM  2403 01   L,101989,absent,1
COM  2403 01   L,112360,absent,1
COM  2403 02   L,76484,absent,1
COM  2403 02 in 08/003,158112,absent,1
COM  2403 02 in 08/003,76484,absent,1
COM  2404 01   L,119087,absent,1
COM  2404 01 in 11/008,119087,late,1
COM  2404 01 in 11/008,124423,absent,1
COM  2427 01 in 08/003,73456,absent,1
COM  2427 01 in 08/003,83612,absent,1
COM  2427 01 in 08/003,89028,absent,1
COM  2427 02   L,78723,absent,1
COM  2427 02   L,91860,absent,1
COM  2427 02 in 08/003,101422,late,1
COM  2427 02 in 08/003,78723,late,1
COM  2427 02 in 08/003,91860,absent,1
COM  2427 03   L,96119,absent,1
COM  2427 03 in 08B/110,104528,late,1
COM  2427 03 in 08B/110,116977,absent,1
COM  2427 03 in 08B/110,119475,absent,1
COM  2427 03 in 08B/110,85518,absent,1
COM  2427 03 in 08B/110,91543,absent,1
COM  2427 04 in 08B/110,100821,absent,1
COM  2427 04 in 08B/110,101483,absent,1
COM  2427 04 in 08B/110,110583,late,1
COM  2427 04 in 08B/110,66924,absent,1
COM  2427 04 in 08B/110,84741,absent,1
COM  2427 04 in 08B/110,86974,absent,1
COM  3301 01 in 10/105,104528,absent,1
COM  3301 01 in 10/105,158156,absent,1
COM  3301 01 in 10/105,79925,absent,1
COM  3301 01 in 10/105,84447,absent,1
COM  3303 01 in 08/114,104520,absent,1
COM  3303 01 in 08/114,77329,late,1
COM  3303 01 in 08/114,78362,absent,1
COM  3303 01 in 08/114,85003,late,1
COM  3303 01 in 08/114,97884,late,1
COM  3304 01 in 04/002,79916,absent,1
COM  3304 01 in 04/002,80106,absent,1
COM  3304 01 in 04/002,80434,absent,1
COM  3304 01 in 04/002,86330,absent,1
COM  3304 01 in 04/002,91161,absent,1
COM  3321 02 in 08B/004,101119,late,1
COM  3321 02 in 08B/004,102199,late,1
COM  3321 02 in 08B/004,157994,absent,1
COM  3321 02 in 08B/004,66470,late,1
COM  3321 02 in 08B/004,78723,late,1
COM  3321 02 in 08B/004,91543,absent,1
COM  3321 02 in 08B/004,92364,late,1
COM  3402 01   L,102199,absent,1
COM  4405 01   L,104520,absent,1
COM  4405 01   L,80434,absent,1
COM  4405 01 in 08/014,104520,absent,1
COM  4405 01 in 08/014,78915,absent,1
COM  4405 01 in 08/014,80106,absent,1
COM  4405 01 in 08/014,93857,absent,1
COM  5315 01 in 08/104,144145,absent,1
COM  5318 01 in 08/003,76804,absent,1
COM  5318 01 in 08/003,81816,absent,1
COM  5318 01 in 08/003,83506,absent,1
COM  5318 01 in 08/003,84250,absent,1
COM  5318 01 in 08/003,96054,late,1
COM  5398 02 in 05/107,74562,absent,1
COM  5398 02 in 05/107,80572,absent,1
CSC  1300 01 in 07/2,135763,absent,1
CSC  1300 01 in 07/2,145811,absent,1
CSC  1300 01 in 07/2,146037,absent,1
CSC  1300 01 in 07/2,157462,absent,1
CSC  1300 02 in 07/2,100926,absent,1
CSC  1300 02 in 07/2,100936,absent,1
CSC  1300 02 in 07/2,102034,absent,1
CSC  1300 02 in 07/2,112878,absent,1
CSC  1300 02 in 07/2,118959,absent,1
CSC  1300 02 in 07/2,120238,absent,1
CSC  1300 02 in 07/2,120664,absent,1
CSC  1300 02 in 07/2,122045,late,1
CSC  1300 02 in 07/2,122339,absent,1
CSC  1300 02 in 07/2,122917,absent,1
CSC  1300 02 in 07/2,135495,late,1
CSC  1300 02 in 07/2,139849,late,1
CSC  1300 02 in 07/2,142211,absent,1
CSC  1300 02 in 07/2,143461,late,1
CSC  1300 02 in 07/2,146177,absent,1
CSC  1300 02 in 07/2,86974,late,1
CSC  1300 02 in 07/2,94275,late,1
CSC  1300 02 in 07/2,98836,absent,1
CSC  1300 03 in 07/2,135532,absent,1
CSC  1300 03 in 07/2,157406,absent,1
CSC  1300 04 in 07/2,104233,absent,1
CSC  1300 04 in 07/2,144850,absent,1
CSC  1300 04 in 07/2,148402,absent,1
CSC  1300 04 in 07/2,154113,absent,1
CSC  1300 04 in 07/2,156555,absent,1
CSC  1300 04 in 07/2,157239,absent,1
CSC  1300 04 in 07/2,157414,absent,1
CSC  1300 05 in 07/2,120825,absent,1
CSC  1300 05 in 07/2,122013,absent,1
CSC  1300 05 in 07/2,141936,absent,1
CSC  1300 05 in 07/2,145881,absent,1
CSC  1300 05 in 07/2,159562,absent,1
CSC  1300 05 in 07/2,159595,absent,1
CSC  1300 05 in 07/2,95258,absent,1
CSC  1300 06 in 05/003,135716,absent,1
CSC  1300 06 in 05/003,146855,absent,1
CSC  1300 06 in 05/003,154777,absent,1
CSC  1401 01   L in 05/003,119525,absent,1
CSC  1401 01   L in 05/003,119872,absent,1
CSC  1401 01   L in 05/003,148365,absent,1
CSC  1401 01   L in 05/003,148809,absent,1
CSC  1401 01   L in 05/003,149894,absent,1
CSC  1401 01 in 07/003,141478,absent,1
CSC  1401 01 in 07/003,144082,absent,1
CSC  1401 02   L in 05/003,145424,absent,1
CSC  1401 02   L in 05/003,145425,absent,1
CSC  1401 02   L in 05/003,145804,absent,1
CSC  1401 02   L in 05/003,147914,absent,1
CSC  1401 02   L in 05/003,157667,absent,1
CSC  1401 02 in 04/002,113115,absent,1
CSC  1401 02 in 04/002,121109,absent,1
CSC  1401 02 in 04/002,144120,absent,1
CSC  1401 02 in 04/002,145397,absent,1
CSC  1401 02 in 04/002,145424,absent,1
CSC  1401 02 in 04/002,145804,absent,1
CSC  1401 02 in 04/002,148365,absent,1
CSC  1401 02 in 04/002,148488,absent,1
CSC  1401 02 in 04/002,148809,absent,1
CSC  1401 02 in 04/002,152130,absent,1
CSC  1401 02 in 04/002,156627,absent,1
CSC  1401 02 in 04/002,156716,absent,1
CSC  1401 02 in 04/002,157557,late,1
CSC  1401 02 in 04/002,99057,absent,1
CSC  1401 03   L in 05/003,140345,absent,1
CSC  1401 03   L in 05/003,149305,absent,1
CSC  1401 03   L in 05/003,156849,absent,1
CSC  1401 04   L in 05/003,113115,absent,1
CSC  1401 04   L in 05/003,153711,absent,1
CSC  1401 04   L in 05/003,99057,absent,1
CSC  1401 04 in 04/001,141315,absent,1
CSC  1401 04 in 04/001,148525,late,1
CSC  1401 04 in 04/001,148618,absent,1
CSC  1401 04 in 04/001,148821,late,1
CSC  1401 04 in 04/001,150183,late,1
CSC  1401 04 in 04/001,152497,absent,1
CSC  1401 04 in 04/001,155219,absent,1
CSC  1401 06   L in 05/003,143656,absent,1
CSC  1401 06   L in 05/003,148488,absent,1
CSC  1401 07   L in 05/003,156872,absent,1
CSC  1401 07   L in 05/003,158286,absent,1
CSC  1401 07 in 07/003,145847,late,1
CSC  1401 07 in 07/003,155131,absent,1
CSC  1401 07 in 07/003,157227,absent,1
CSC  1401 08   L in 05/003,104927,absent,1
CSC  1401 08   L in 05/003,141315,absent,1
CSC  1401 08   L in 05/003,145458,absent,1
CSC  1401 08   L in 05/003,153129,absent,1
CSC  1401 08   L in 05/003,158499,absent,1
CSC  1401 08 in 04/107,145256,absent,1
CSC  1401 08 in 04/107,149272,late,1
CSC  1401 08 in 04/107,149894,absent,1
CSC  1401 09 in 09/104,145425,absent,1
CSC  1401 09 in 09/104,145830,absent,1
CSC  1401 09 in 09/104,146279,late,1
CSC  1401 09 in 09/104,155791,late,1
CSC  1401 09 in 09/104,155863,late,1
CSC  1401 09 in 09/104,156849,late,1
CSC  1401 09 in 09/104,157029,absent,1
CSC  1401 10   L in 05/003,146367,late,1
CSC  1401 10   L in 05/003,149686,late,1
CSC  1401 10   L in 05/003,151771,absent,1
CSC  1401 10   L in 05/003,152130,absent,1
CSC  1401 11   L in 05/003,148679,absent,1
CSC  1401 11   L in 05/003,156627,absent,1
CSC  1402 01   L in 05/003,142345,absent,1
CSC  1402 01   L in 05/003,149228,absent,1
CSC  1402 01   L in 05/003,83220,absent,1
CSC  1402 01 in 04/003,120677,absent,1
CSC  1402 01 in 04/003,144631,absent,1
CSC  1402 01 in 04/003,157495,absent,1
CSC  1402 01 in 04/003,83220,absent,1
CSC  1402 02   L in 05/003,148629,absent,1
CSC  1402 02 in 06/008,142345,absent,1
CSC  1402 02 in 06/008,146064,absent,1
CSC  1402 02 in 06/008,146335,absent,1
CSC  1402 02 in 06/008,146979,absent,1
CSC  1402 02 in 06/008,148629,absent,1
CSC  2302 01 in 08B/108,120132,absent,1
CSC  2302 01 in 08B/108,147154,late,1
CSC  2302 01 in 08B/108,65688,absent,1
CSC  2302 02 in 07/003,144618,absent,1
CSC  2302 02 in 07/003,147086,absent,1
CSC  2302 02 in 07/003,150983,absent,1
CSC  2302 05 in 08B/108,141270,late,1
CSC  2302 05 in 08B/108,142845,late,1
CSC  2302 05 in 08B/108,143055,absent,1
CSC  2302 05 in 08B/108,145031,absent,1
CSC  2302 05 in 08B/108,146555,late,1
CSC  2302 05 in 08B/108,147772,late,1
CSC  2302 05 in 08B/108,150106,late,1
CSC  2302 05 in 08B/108,156443,late,1
CSC  2302 05 in 08B/108,84347,late,1
CSC  2302 06 in 04/004,117415,absent,1
CSC  2302 06 in 04/004,117901,late,1
CSC  2302 06 in 04/004,136093,late,1
CSC  2302 06 in 04/004,136430,absent,1
CSC  2302 06 in 04/004,137422,late,1
CSC  2302 06 in 04/004,145958,absent,1
CSC  2302 06 in 04/004,146965,absent,1
CSC  2302 06 in 04/004,147053,absent,1
CSC  2302 06 in 04/004,150788,absent,1
CSC  2302 06 in 04/004,89813,absent,1
CSC  2302 06 in 04/004,90402,late,1
CSC  2302 08 in 04/105,122373,absent,1
CSC  2302 08 in 04/105,147339,absent,1
CSC  2302 08 in 04/105,149047,absent,1
CSC  2302 09 in 04/104,117348,absent,1
CSC  2302 09 in 04/104,122819,absent,1
CSC  2302 09 in 04/104,136155,absent,1
CSC  2302 09 in 04/104,142636,late,1
CSC  2302 09 in 04/104,146909,absent,1
CSC  2302 09 in 04/104,148580,late,1
CSC  2302 09 in 04/104,148723,absent,1
CSC  2302 09 in 04/104,149494,absent,1
CSC  2302 09 in 04/104,155492,late,1
CSC  2302 09 in 04/104,155744,late,1
CSC  2302 09 in 04/104,87653,absent,1
CSC  2305 01 in 04/106,100246,absent,1
CSC  2305 01 in 04/106,102469,absent,1
CSC  2305 01 in 04/106,103078,absent,1
CSC  2305 01 in 04/106,111275,absent,1
CSC  2305 01 in 04/106,111670,absent,1
CSC  2305 01 in 04/106,116752,absent,1
CSC  2305 01 in 04/106,119062,absent,1
CSC  2305 01 in 04/106,138951,absent,1
CSC  2305 01 in 04/106,87764,absent,1
CSC  2305 01 in 04/106,96840,absent,1
CSC  2305 01 in 04/106,97132,absent,1
CSC  2305 01 in 09/104,120888,late,1
CSC  2305 01 in 09/104,123628,absent,1
CSC  2305 03 in 04/104,109328,absent,1
CSC  2305 03 in 04/104,113696,absent,1
CSC  2305 03 in 04/104,114461,absent,1
CSC  2305 03 in 04/104,120506,absent,1
CSC  2305 03 in 04/104,124013,absent,1
CSC  2305 03 in 04/104,81366,absent,1
CSC  2305 03 in 04/104,83892,late,1
CSC  2305 03 in 04/104,84422,late,1
CSC  2305 03 in 04/104,99758,absent,1
CSC  2306 01 in 11/101,101429,absent,1
CSC  2306 01 in 11/101,103078,absent,1
CSC  2306 01 in 11/101,116629,absent,1
CSC  2306 01 in 11/101,117101,absent,1
CSC  2306 01 in 11/101,118801,absent,1
CSC  2306 01 in 11/101,119799,absent,1
CSC  2306 01 in 11/101,122826,absent,1
CSC  2306 01 in 11/101,124275,absent,1
CSC  2306 01 in 11/101,137472,absent,1
CSC  2306 01 in 11/101,137611,absent,1
CSC  2306 01 in 11/101,138571,absent,1
CSC  2306 01 in 11/101,138857,absent,1
CSC  2306 01 in 11/101,143123,absent,1
CSC  2306 01 in 11/101,144159,absent,1
CSC  2306 01 in 11/101,144637,absent,1
CSC  2306 01 in 11/101,85174,absent,1
CSC  2306 01 in 11/101,86965,absent,1
CSC  2306 01 in 11/101,89479,absent,1
CSC  2306 01 in 11/101,97404,absent,1
CSC  2306 06 in 11/003,119020,absent,1
CSC  2306 06 in 11/003,136965,absent,1
CSC  2306 06 in 11/003,142598,absent,1
CSC  2309 01 in 04/007,135593,absent,1
CSC  2309 01 in 04/007,146487,absent,1
CSC  2309 01 in 04/007,77650,absent,1
CSC  2309 01 in 04/007,81087,absent,1
CSC  2309 02 in 04/007,113494,absent,1
CSC  2309 02 in 04/007,136011,absent,1
CSC  2309 02 in 04/007,144586,absent,1
CSC  2309 02 in 04/007,150207,absent,1
CSC  2309 02 in 04/007,155025,absent,1
CSC  3315 01 in 04/105,101788,absent,1
CSC  3315 01 in 04/105,111797,absent,1
CSC  3315 01 in 04/105,99876,absent,1
CSC  3315 02 in 04/104,80181,absent,1
CSC  3315 03 in 04/105,100246,absent,1
CSC  3315 03 in 04/105,103111,absent,1
CSC  3315 03 in 04/105,103184,absent,1
CSC  3315 03 in 04/105,118436,absent,1
CSC  3315 03 in 04/105,140818,absent,1
CSC  3315 03 in 04/105,88793,absent,1
CSC  3323 02 in 08B/106,100485,late,1
CSC  3323 02 in 08B/106,101139,absent,1
CSC  3323 02 in 08B/106,102720,late,1
CSC  3323 02 in 08B/106,102808,absent,1
CSC  3323 02 in 08B/106,103080,late,1
CSC  3323 02 in 08B/106,105803,late,1
CSC  3323 02 in 08B/106,117873,absent,1
CSC  3323 02 in 08B/106,119490,late,1
CSC  3323 02 in 08B/106,119574,absent,1
CSC  3323 02 in 08B/106,140818,absent,1
CSC  3324 01 in 06/106,103184,absent,1
CSC  3324 01 in 06/106,118436,absent,1
CSC  3324 01 in 06/106,120379,absent,1
CSC  3324 04 in 04/104,101317,absent,1
CSC  3324 04 in 04/104,118227,absent,1
CSC  3326 03 in 04/001,100485,absent,1
CSC  3326 03 in 04/001,101043,absent,1
CSC  3326 03 in 04/001,101139,absent,1
CSC  3326 03 in 04/001,101285,absent,1
CSC  3326 03 in 04/001,101287,absent,1
CSC  3326 03 in 04/001,101369,absent,1
CSC  3326 03 in 04/001,102197,absent,1
CSC  3326 03 in 04/001,108515,absent,1
CSC  3326 03 in 04/001,112395,absent,1
CSC  3326 03 in 04/001,120102,absent,1
CSC  3326 03 in 04/001,121949,absent,1
CSC  3326 03 in 04/001,122105,absent,1
CSC  3326 03 in 04/001,123902,absent,1
CSC  3326 03 in 04/001,140818,absent,1
CSC  3326 03 in 04/001,141648,absent,1
CSC  3326 03 in 04/001,142909,absent,1
CSC  3326 03 in 04/001,86965,absent,1
CSC  3326 03 in 04/001,87027,absent,1
CSC  3326 03 in 04/001,88793,absent,1
CSC  3326 03 in 04/001,97271,absent,1
CSC  3326 04 in 04/104,100246,absent,1
CSC  3326 04 in 04/104,119756,absent,1
CSC  3326 05 in 04/001,108320,absent,1
CSC  3326 05 in 04/001,99876,absent,1
CSC  3331 01 in OFFF/ONLIN,85317,absent,1
CSC  3331 01 in OFFF/ONLIN,85845,absent,1
CSC  3331 01 in OFFF/ONLIN,89447,absent,1
CSC  3351 01 in 04/004,101112,absent,1
CSC  3351 01 in 04/004,84606,late,1
CSC  3351 02 in 04/106,102128,absent,1
CSC  3351 02 in 04/106,105842,absent,1
CSC  3351 02 in 04/106,85778,absent,1
CSC  3371 01 in 07/107,82212,absent,1
CSC  3371 01 in 07/107,95568,absent,1
CSC  3371 03 in 04/104,101422,absent,1
CSC  3371 03 in 04/104,112143,absent,1
CSC  3371 03 in 04/104,118680,absent,1
CSC  3371 03 in 04/104,84098,absent,1
CSC  3371 03 in 04/104,84221,absent,1
CSC  3371 03 in 04/104,84862,absent,1
CSC  3371 03 in 04/104,87667,absent,1
CSC  3371 03 in 04/104,91329,absent,1
CSC  3371 03 in 04/104,96706,absent,1
CSC  3371 03 in 04/104,99482,absent,1
CSC  3371 03 in 04/104,99863,absent,1
CSC  4301 02 in 08B/108,101112,absent,1
CSC  4301 02 in 08B/108,84451,absent,1
CSC  4307 02 in 04/108,113363,absent,1
CSC  4307 02 in 04/108,85161,absent,1
CSC  4307 02 in 04/108,89340,absent,1
CSC  4307 02 in 04/108,92805,absent,1
CSC  4307 02 in 04/108,98646,absent,1
CSC  4307 03 in 04/102,100535,absent,1
CSC  4307 03 in 04/102,118917,absent,1
CSC  4307 03 in 04/102,84764,late,1
CSC  4307 03 in 04/102,89447,absent,1
CSC  4307 03 in 04/102,91044,absent,1
CSC  4307 03 in 04/102,92201,absent,1
CSC  4308 01 in 08B/106,94519,late,1
CSC  4308 02 in 04/007,85936,absent,1
CSC  4308 02 in 04/007,98698,absent,1
CSC  5345 01 in 10/105,80381,absent,1
CSC  5354 01 in 08/014,80381,absent,1
CSC  5382 01 in 08B/002,80561,absent,1
ECO  1300 02 in 04/003,121059,absent,1
ECO  1300 02 in 04/003,121792,absent,1
ECO  1300 02 in 04/003,125008,absent,1
ECO  1300 02 in 04/003,135527,absent,1
ECO  1300 02 in 04/003,97271,absent,1
ECO  2301 01 in 04/108,122013,absent,1
ECO  2301 01 in 04/108,124199,absent,1
ECO  2301 01 in 04/108,142044,absent,1
ECO  2301 01 in 04/108,143069,absent,1
ECO  2301 01 in 04/108,148563,late,1
ECO  2301 01 in 04/108,154407,absent,1
ECO  2301 02 in 04/007,123338,absent,1
ECO  2301 02 in 04/007,148809,absent,1
ECO  2301 02 in 04/007,154647,absent,1
ECO  2301 02 in 07/003,151255,absent,1
ECO  2301 02 in 07/003,151922,absent,1
ECO  2301 02 in 07/003,92160,absent,1
ECO  2301 03 in 04/007,118737,absent,1
ECO  2301 03 in 04/007,120231,late,1
ECO  2301 03 in 04/007,120962,absent,1
ECO  2301 03 in 04/007,135514,absent,1
ECO  2301 03 in 04/007,144900,absent,1
ECO  2301 03 in 04/007,151075,late,1
ECO  2301 03 in 04/007,154281,late,1
ECO  2301 03 in 08B/108,116114,absent,1
ECO  2301 03 in 08B/108,144658,absent,1
ECO  2301 03 in 08B/108,148275,absent,1
ECO  2301 04 in 04/002,114432,absent,1
ECO  2301 04 in 04/002,125217,absent,1
ECO  2301 04 in 04/002,152242,absent,1
ECO  2301 04 in 04/002,156580,absent,1
ECO  2301 05 in 07/003,122730,absent,1
ECO  2301 05 in 07/003,144658,absent,1
ECO  2301 05 in 07/003,145602,absent,1
ECO  2301 05 in 07/003,145643,absent,1
ECO  2301 05 in 07/003,148036,absent,1
ECO  2301 05 in 07/003,148151,absent,1
ECO  2301 05 in 07/003,149833,absent,1
ECO  2301 05 in 07/003,155996,absent,1
ECO  2301 05 in 07/003,99422,absent,1
ECO  2301 06 in 04/102,110229,absent,1
ECO  2301 06 in 04/102,119536,absent,1
ECO  2301 06 in 04/102,143136,absent,1
ECO  2301 06 in 04/102,145737,absent,1
ECO  2301 06 in 04/102,145879,absent,1
ECO  2301 06 in 04/102,147429,absent,1
ECO  2302 01 in 04/104,100765,absent,1
ECO  2302 01 in 04/104,115744,absent,1
ECO  2302 01 in 04/104,117669,absent,1
ECO  2302 01 in 04/104,120664,absent,1
ECO  2302 01 in 04/104,121647,absent,1
ECO  2302 01 in 04/104,121929,absent,1
ECO  2302 01 in 04/104,130820,absent,1
ECO  2302 01 in 04/104,142639,absent,1
ECO  2302 01 in 04/104,143798,absent,1
ECO  2302 02 in 08B/108,105610,absent,1
ECO  2302 02 in 08B/108,117940,absent,1
ECO  2302 02 in 08B/108,118192,absent,1
ECO  2302 02 in 08B/108,119942,absent,1
ECO  2302 02 in 08B/108,120793,absent,1
ECO  2302 02 in 08B/108,120999,absent,1
ECO  2302 02 in 08B/108,121452,absent,1
ECO  2302 02 in 08B/108,122235,absent,1
ECO  2302 02 in 08B/108,123847,absent,1
ECO  2302 02 in 08B/108,125207,absent,1
ECO  2302 02 in 08B/108,137550,absent,1
ECO  2302 02 in 08B/108,138883,absent,1
ECO  2302 02 in 08B/108,141832,absent,1
ECO  2302 02 in 08B/108,143465,absent,1
ECO  2302 02 in 08B/108,143939,absent,1
ECO  2302 02 in 08B/108,84968,absent,1
ECO  2302 03 in 04/004,120061,absent,1
ECO  2302 03 in 04/004,124927,absent,1
ECO  2302 03 in 04/004,142211,absent,1
ECO  2302 05 in 04/001,100967,absent,1
ECO  2302 05 in 04/001,117307,absent,1
ECO  2302 05 in 04/001,117634,absent,1
ECO  2302 05 in 04/001,119781,absent,1
ECO  2302 05 in 04/001,123724,absent,1
ECO  2302 05 in 04/001,123764,absent,1
ECO  2302 05 in 04/001,144120,absent,1
EGR  2201 02 in 07/107,99387,absent,1
EGR  2210 01 in 11/101,101519,absent,1
EGR  2210 01 in 11/101,114871,absent,1
EGR  2210 01 in 11/101,117688,absent,1
EGR  2210 01 in 11/101,125007,absent,1
EGR  2210 01 in 11/101,140815,absent,1
EGR  2210 01 in 11/101,85305,absent,1
EGR  2210 01 in 11/101,85868,absent,1
EGR  2210 01 in 11/101,99759,absent,1
EGR  2301 01 in 04/003,140815,absent,1
EGR  2302 03 in 08B/004,105577,absent,1
EGR  2302 03 in 08B/004,116752,absent,1
EGR  2302 04 in 08B/103,124743,absent,1
EGR  2302 04 in 08B/103,138123,absent,1
EGR  2302 04 in 08B/103,138857,absent,1
EGR  2302 04 in 08B/103,145804,absent,1
EGR  2302 04 in 08B/103,85807,absent,1
EGR  2302 05 in 04/105,119358,absent,1
EGR  2302 05 in 04/105,120198,absent,1
EGR  2302 05 in 04/105,121223,absent,1
EGR  2302 05 in 04/105,121321,late,1
EGR  2302 05 in 04/105,125129,late,1
EGR  2302 05 in 04/105,125634,absent,1
EGR  2302 05 in 04/105,143543,late,1
EGR  2302 05 in 04/105,87653,absent,1
EGR  2302 05 in 04/105,95030,absent,1
EGR  2302 07 in 04/104,120748,absent,1
EGR  2302 07 in 04/104,120888,late,1
EGR  2302 07 in 04/104,124013,late,1
EGR  2302 07 in 04/104,136965,absent,1
EGR  2302 07 in 04/104,140895,absent,1
EGR  2302 07 in 04/104,142636,absent,1
EGR  2302 07 in 04/104,143296,absent,1
EGR  2302 07 in 04/104,88948,absent,1
EGR  2302 07 in 04/104,97990,absent,1
EGR  2302 08 in 04/004,119747,absent,1
EGR  2302 08 in 04/004,120102,late,1
EGR  2302 08 in 04/004,125055,absent,1
EGR  2302 08 in 04/004,139844,absent,1
EGR  2311 01 in 06/106,103118,absent,1
EGR  2311 01 in 06/106,115195,absent,1
EGR  2402 01   L in 09/EGR,84748,absent,1
EGR  2402 01   L in 09/EGR,95436,absent,1
EGR  2402 01 in 04/104,65688,absent,1
EGR  2402 01 in 04/104,84617,absent,1
EGR  2402 01 in 04/104,84748,absent,1
EGR  2402 01 in 04/104,95436,absent,1
EGR  2402 01 in 04/104,96761,absent,1
EGR  2402 01 in 04/104,98325,absent,1
EGR  2402 01 in 04/104,99657,absent,1
EGR  2402 01 in 10/105,101519,absent,1
EGR  2402 01 in 10/105,112669,absent,1
EGR  2402 01 in 10/105,121340,absent,1
EGR  2402 01 in 10/105,140895,absent,1
EGR  2402 01 in 10/105,98003,absent,1
EGR  2402 01 in 10/105,99759,absent,1
EGR  2402 02   L in 09/EGR,101751,late,1
EGR  2402 02   L in 09/EGR,102679,late,1
EGR  2402 02   L in 09/EGR,107770,late,1
EGR  2402 02   L in 09/EGR,116859,late,1
EGR  2402 02   L in 09/EGR,84617,late,1
EGR  2402 02   L in 09/EGR,96761,late,1
EGR  2402 02   L in 09/EGR,98325,late,1
EGR  3301 01   L,85570,absent,1
EGR  3301 01   L,94638,absent,1
EGR  3301 01   L,97726,late,1
EGR  3301 01 in 08B/217,94638,absent,1
EGR  3301 02   L,94212,absent,1
EGR  3302 01 in 04/106,100914,absent,1
EGR  3304 01 in 04/102,106411,absent,1
EGR  3304 01 in 04/102,79731,absent,1
EGR  3304 01 in 04/102,85363,absent,1
EGR  3304 01 in 04/102,90461,absent,1
EGR  3304 01 in 04/102,91684,absent,1
EGR  3304 01 in 04/102,96761,absent,1
EGR  3304 01 in 04/102,97271,absent,1
EGR  3305 01 in 08B/001,117298,absent,1
EGR  3305 01 in 08B/001,86729,absent,1
EGR  3305 01 in 08B/001,87474,absent,1
EGR  3305 01 in 08B/001,90329,absent,1
EGR  3310 01 in 08B/106,101777,absent,1
EGR  3310 01 in 08B/106,96123,absent,1
EGR  3314 01 in 06/111,84396,absent,1
EGR  3314 01 in 06/111,94469,absent,1
EGR  3314 01 in 06/111,96123,absent,1
EGR  3316 01 in 06/111,114277,absent,1
EGR  3316 01 in 06/111,97862,absent,1
EGR  3319 01 in 10/007,84396,absent,1
EGR  3319 01 in 10/007,94212,absent,1
EGR  3319 01 in 10/007,94469,absent,1
EGR  3319 01 in 10/007,96123,absent,1
EGR  3331 02 in 07/107,107540,absent,1
EGR  3331 02 in 07/107,113826,absent,1
EGR  3331 02 in 07/107,117017,absent,1
EGR  3331 02 in 07/107,117644,absent,1
EGR  3331 02 in 07/107,121340,absent,1
EGR  3331 02 in 07/107,92452,absent,1
EGR  3331 02 in 07/107,94945,absent,1
EGR  3392 01 in 04/002,84214,late,1
EGR  3392 01 in 04/002,84503,late,1
EGR  3392 01 in 04/002,98833,absent,1
EGR  4402 01   L in 04/AUD,77018,absent,1
EGR  4402 01   L in 04/AUD,77045,absent,1
EGR  4402 01   L in 04/AUD,77822,absent,1
EGR  4402 01   L in 04/AUD,79873,absent,1
EGR  4402 01   L in 04/AUD,80067,absent,1
EGR  4402 01   L in 04/AUD,81141,absent,1
EGR  4402 01   L in 04/AUD,81617,absent,1
EGR  4402 01   L in 04/AUD,82008,absent,1
EGR  4402 01   L in 04/AUD,82212,absent,1
EGR  4402 01   L in 04/AUD,83417,absent,1
EGR  4402 01   L in 04/AUD,84098,absent,1
EGR  4402 01   L in 04/AUD,84364,absent,1
EGR  4402 01   L in 04/AUD,84451,absent,1
EGR  4402 01   L in 04/AUD,84530,absent,1
EGR  4402 01   L in 04/AUD,85425,absent,1
EGR  4402 01   L in 04/AUD,85494,absent,1
EGR  4402 01   L in 04/AUD,88022,absent,1
EGR  4402 01   L in 04/AUD,88676,absent,1
EGR  4402 01   L in 04/AUD,89431,absent,1
EGR  4402 01   L in 04/AUD,92340,absent,1
EGR  4402 01   L in 04/AUD,93073,absent,1
EGR  4402 01   L in 04/AUD,94895,absent,1
EGR  4402 01   L in 04/AUD,94986,absent,1
EGR  4402 01   L in 04/AUD,95619,absent,1
ENG  1301 01 in 04/106,140552,absent,1
ENG  1301 01 in 04/106,143016,absent,1
ENG  1301 01 in 04/106,143656,absent,1
ENG  1301 01 in 04/106,147086,absent,1
ENG  1301 05 in 11/101,118397,late,1
ENG  1301 05 in 11/101,144973,late,1
ENG  1301 05 in 11/101,145061,absent,1
ENG  1301 05 in 11/101,145075,late,1
ENG  1301 05 in 11/101,145651,late,1
ENG  1301 05 in 11/101,148885,late,1
ENG  1301 05 in 11/101,149128,late,1
ENG  1301 05 in 11/101,149833,absent,1
ENG  1301 06 in 06/111,145879,absent,1
ENG  1301 06 in 06/111,148618,absent,1
ENG  1301 07 in 08B/001,145119,late,1
ENG  1301 07 in 08B/001,150885,absent,1
ENG  1301 07 in 08B/001,157091,late,1
ENG  1301 10 in 04/102,116045,absent,1
ENG  1301 10 in 04/102,121792,absent,1
ENG  1301 10 in 04/102,146150,absent,1
ENG  1301 12 in 04/007,145892,absent,1
ENG  1301 12 in 04/007,146858,late,1
ENG  1301 12 in 04/007,153500,absent,1
ENG  1301 12 in 04/007,154131,late,1
ENG  1301 12 in 04/007,155219,absent,1
ENG  1301 12 in 04/007,159421,late,1
ENG  1301 13 in 06/106,148195,late,1
ENG  1301 13 in 06/106,149230,late,1
ENG  1301 13 in 06/106,149901,late,1
ENG  1301 13 in 06/106,150856,absent,1
ENG  1301 13 in 06/106,150973,absent,1
ENG  1301 13 in 06/106,156656,late,1
ENG  1301 13 in 06/106,157494,absent,1
ENG  1301 14 in 08/104,117629,absent,1
ENG  1301 14 in 08/104,146175,absent,1
ENG  1301 14 in 08/104,149228,absent,1
ENG  1301 14 in 08/104,149876,absent,1
ENG  1301 14 in 08/104,156056,absent,1
ENG  1301 14 in 08/104,159562,absent,1
ENG  1301 15 in 06/111,102173,absent,1
ENG  1301 15 in 06/111,105610,absent,1
ENG  1301 15 in 06/111,116560,absent,1
ENG  1301 15 in 06/111,148679,absent,1
ENG  1301 16 in 11/101,112755,absent,1
ENG  1301 16 in 11/101,145737,absent,1
ENG  1301 16 in 11/101,157239,absent,1
ENG  1301 17 in 06/106,145283,absent,1
ENG  1301 18 in 04/003,123860,absent,1
ENG  1301 18 in 04/003,145458,absent,1
ENG  1301 18 in 04/003,146050,absent,1
ENG  1301 18 in 04/003,149557,late,1
ENG  1301 19 in 04/002,113185,absent,1
ENG  1301 19 in 04/002,146665,absent,1
ENG  1301 19 in 04/002,151962,absent,1
ENG  1301 19 in 04/002,153112,absent,1
ENG  1301 19 in 04/002,153179,absent,1
ENG  1301 21 in 06/111,118737,absent,1
ENG  1301 21 in 06/111,157667,absent,1
ENG  1301 22 in 08B/001,121599,absent,1
ENG  1301 22 in 08B/001,140128,absent,1
ENG  1301 25 in 04/002,145089,absent,1
ENG  1301 25 in 04/002,145719,absent,1
ENG  1301 25 in 04/002,148513,late,1
ENG  1301 25 in 04/002,150517,absent,1
ENG  1301 27 in 08B/001,115082,absent,1
ENG  1301 27 in 08B/001,118192,absent,1
ENG  1301 27 in 08B/001,141476,absent,1
ENG  1301 27 in 08B/001,142211,absent,1
ENG  1301 28 in 11/105,152330,absent,1
ENG  2301 01 in 04/107,112635,late,1
ENG  2301 02 in 05/003,115483,late,1
ENG  2301 02 in 05/003,121228,absent,1
ENG  2301 02 in 05/003,135646,absent,1
ENG  2301 02 in 05/003,96001,late,1
ENG  2301 02 in 05/003,99802,absent,1
ENG  2301 03 in 06/008,144303,absent,1
ENG  2302 02 in 08B/002,113856,absent,1
ENG  2302 02 in 08B/002,119000,absent,1
ENG  2302 02 in 08B/002,86377,absent,1
ENG  2302 02 in 08B/002,94030,absent,1
ENG  2302 04 in 06/003,103481,absent,1
ENG  2302 04 in 06/003,135527,absent,1
ENG  2302 04 in 06/003,81222,absent,1
ENG  2302 05 in 06/111,123168,absent,1
ENG  2302 05 in 06/111,136475,absent,1
ENG  2302 06 in 04/003,144120,absent,1
ENG  2302 06 in 04/003,86043,absent,1
ENG  2302 07 in 04/108,124317,absent,1
ENG  2302 07 in 04/108,135475,absent,1
ENG  2302 07 in 04/108,142226,absent,1
ENG  2302 07 in 04/108,84141,absent,1
ENG  2302 09 in 08B/217,115751,absent,1
ENG  2302 09 in 08B/217,117380,absent,1
ENG  2302 09 in 08B/217,124787,absent,1
ENG  2302 09 in 08B/217,142020,absent,1
ENG  2302 09 in 08B/217,80273,absent,1
ENG  2302 09 in 08B/217,84455,absent,1
ENG  2303 01 in 08B/217,122215,absent,1
ENG  2303 01 in 08B/217,136011,absent,1
ENG  2303 02 in 11/105,102320,late,1
ENG  2303 02 in 11/105,115874,late,1
ENG  2303 02 in 11/105,119509,absent,1
ENG  2303 02 in 11/105,119756,absent,1
ENG  2303 03 in 08/013,101619,absent,1
ENG  2303 03 in 08/013,102197,absent,1
ENG  2303 03 in 08/013,108575,late,1
ENG  2303 03 in 08/013,124252,late,1
ENG  2303 04 in 11/101,103078,absent,1
ENG  2303 04 in 11/101,111275,absent,1
ENG  2303 04 in 11/101,113398,absent,1
ENG  2303 04 in 11/101,117459,absent,1
ENG  2303 04 in 11/101,121623,absent,1
ENG  2303 04 in 11/101,122770,absent,1
ENG  2303 04 in 11/101,89447,late,1
ENG  2303 05 in 08B/004,101647,absent,1
ENG  2303 05 in 08B/004,108349,absent,1
ENG  2303 05 in 08B/004,118611,absent,1
ENG  2303 05 in 08B/004,118741,absent,1
ENG  2303 05 in 08B/004,120373,absent,1
ENG  2303 05 in 08B/004,120454,absent,1
ENG  2303 05 in 08B/004,122671,absent,1
ENG  2303 05 in 08B/004,135756,absent,1
ENG  2303 05 in 08B/004,136045,absent,1
ENG  2303 05 in 08B/004,138141,absent,1
ENG  2303 05 in 08B/004,140815,absent,1
ENG  2303 06 in 04/007,108515,absent,1
ENG  2303 06 in 04/007,112837,absent,1
ENG  2303 06 in 04/007,137583,absent,1
ENG  2303 07 in 11/101,122242,late,1
ENG  2303 07 in 11/101,140723,absent,1
ENG  2303 07 in 11/101,84606,late,1
ENG  2303 11 in 08/114,109024,absent,1
ENG  2303 11 in 08/114,116752,absent,1
ENG  2303 11 in 08/114,117916,absent,1
ENG  2303 11 in 08/114,119114,absent,1
ENG  2303 11 in 08/114,119569,absent,1
ENG  2303 11 in 08/114,142792,absent,1
ENG  2303 11 in 08/114,144159,absent,1
ENG  2303 11 in 08/114,99862,absent,1
ENG  2320 01 in 06/008,112111,absent,1
ENG  2320 01 in 06/008,140818,absent,1
ENG  2320 01 in 06/008,143477,absent,1
ENG  2320 01 in 06/008,83204,absent,1
ENG  2320 01 in 06/008,89447,absent,1
ENG  2320 02 in 08/101,111894,absent,1
ENG  2320 02 in 08/101,117480,absent,1
ENG  2320 02 in 08/101,147931,late,1
ENG  2320 02 in 08/101,94821,absent,1
ENG  2320 03 in 06/003,117509,absent,1
ENG  2320 03 in 06/003,142792,absent,1
ENG  2320 03 in 06/003,143627,absent,1
ENG  2320 03 in 06/003,84579,absent,1
ENG  2320 03 in 06/003,84826,absent,1
ENG  2320 03 in 06/003,95414,absent,1
ENG  2320 05 in 08/114,101171,late,1
ENG  2320 05 in 08/114,101314,late,1
ENG  2320 05 in 08/114,101772,late,1
ENG  2320 05 in 08/114,121691,late,1
ENG  2320 05 in 08/114,97750,absent,1
ENG  2320 06 in 08/114,115744,absent,1
ENG  2320 06 in 08/114,80546,absent,1
ENG  2320 06 in 08/114,84842,late,1
ENG  2320 06 in 08/114,85249,absent,1
ENG  2320 07 in 06/111,117288,absent,1
FAS  0210 02 in 04/002,147619,late,1
FAS  0210 02 in 04/002,153112,absent,1
FAS  0210 02 in 04/002,159562,absent,1
FAS  0210 04 in 06/111,145879,absent,1
FAS  0210 05 in 08/104,120038,late,1
FAS  0210 07 in 11/105,145804,absent,1
FAS  0210 07 in 11/105,155805,absent,1
FAS  0210 08 in 06/106,145691,absent,1
FAS  0210 08 in 06/106,149230,late,1
FAS  0210 08 in 06/106,154407,absent,1
FAS  0210 09 in 11/101,146226,absent,1
FAS  0210 09 in 11/101,150566,absent,1
FAS  0210 10 in 08/101,145737,absent,1
FAS  0210 10 in 08/101,147086,absent,1
FAS  0210 10 in 08/101,149876,absent,1
FAS  0210 10 in 08/101,157239,absent,1
FAS  0210 11 in 08/013,147828,absent,1
FAS  0210 11 in 08/013,153697,late,1
FAS  0210 11 in 08/013,154157,absent,1
FAS  0210 11 in 08/013,157667,absent,1
FAS  0210 12 in 08/114,124347,absent,1
FAS  0210 12 in 08/114,136093,late,1
FAS  0210 12 in 08/114,145542,absent,1
FAS  0210 13 in 08/114,144256,late,1
FAS  0210 13 in 08/114,156555,absent,1
FAS  0210 13 in 08/114,157414,absent,1
FAS  0210 14 in 08B/217,148679,absent,1
FAS  0210 15 in 06/008,146150,absent,1
FAS  0210 15 in 06/008,158061,absent,1
FAS  0210 16 in 11/101,151771,absent,1
FAS  0210 17 in 06/003,148365,absent,1
FAS  0210 17 in 06/003,149887,late,1
FAS  0210 17 in 06/003,151962,absent,1
FAS  0210 17 in 06/003,153151,absent,1
FAS  0210 18 in 07/107,106518,absent,1
FAS  0210 18 in 07/107,141859,absent,1
FAS  0210 19 in 08/013,116059,late,1
FAS  0210 19 in 08/013,145892,absent,1
FAS  0210 19 in 08/013,150517,absent,1
FAS  1220 01,146858,absent,1
FAS  1220 01,150856,absent,1
FAS  1220 01 in 08B/112,124272,absent,1
FAS  1220 03,117634,absent,1
FAS  1220 03,118959,absent,1
FAS  1220 03,119603,absent,1
FAS  1220 03,144082,absent,1
FAS  1220 03,145887,absent,1
FAS  1220 03,146330,absent,1
FAS  1220 03,147475,absent,1
FAS  1220 03,147637,absent,1
FAS  1220 03,149496,absent,1
FAS  1220 03,149800,absent,1
FAS  1220 03,154836,absent,1
FAS  1220 03,155340,absent,1
FAS  1220 03,156058,absent,1
FAS  1220 03,156555,absent,1
FAS  1220 03 in 08B/001,118607,absent,1
FAS  1220 03 in 08B/001,120877,absent,1
FAS  1220 03 in 08B/001,122431,absent,1
FAS  1220 03 in 08B/001,145199,absent,1
FAS  1220 03 in 08B/001,89087,absent,1
FAS  1220 04 in 08B/103,120339,absent,1
FAS  1220 04 in 08B/103,121566,absent,1
FAS  1220 05 in 08B/103,118513,absent,1
FAS  1220 05 in 08B/103,121929,absent,1
FAS  1220 05 in 08B/103,122826,absent,1
FAS  1220 05 in 08B/103,148525,absent,1
FAS  1220 06 in 08/114,121431,late,1
FAS  1220 06 in 08/114,122045,absent,1
FAS  1220 06 in 08/114,144776,late,1
FAS  1220 06 in 08/114,149494,absent,1
FAS  1220 07 in 08B/002,157279,late,1
FAS  1220 07 in 08B/217,117348,absent,1
FAS  1220 07 in 08B/217,122344,absent,1
FAS  1220 07 in 08B/217,142870,absent,1
FAS  1220 08 in 10/107,145602,late,1
FAS  1220 08 in 10/107,147873,late,1
FAS  1220 08 in 10/107,149527,absent,1
FAS  1220 09 in 10/107,136227,absent,1
FAS  1220 09 in 10/107,138135,absent,1
FAS  1220 09 in 10/107,147661,absent,1
FAS  1220 09 in 10/107,151763,absent,1
FAS  1220 10 in 04/001,125412,late,1
FAS  1220 10 in 04/001,140515,late,1
FAS  1220 11 in 11/105,150504,absent,1
FAS  1220 11 in 11/105,157013,absent,1
FAS  1220 13 in 06/111,146037,absent,1
FAS  1220 13 in 06/111,156564,absent,1
FAS  1220 14 in 08B/112,142598,absent,1
FAS  1220 15 in 08B/112,138672,absent,1
FAS  1220 15 in 08B/112,145022,late,1
FAS  1220 15 in 08B/112,148040,late,1
FAS  1220 15 in 08B/112,148054,late,1
FAS  1220 16 in 04/104,143031,absent,1
FAS  1220 16 in 04/104,143136,late,1
FAS  1220 16 in 04/104,145643,absent,1
FAS  1220 16 in 04/104,150156,late,1
FAS  1220 16 in 04/104,157029,late,1
FAS  1220 17 in 11/003,120894,late,1
FAS  1220 17 in 11/003,144658,absent,1
FAS  1220 17 in 11/003,144724,late,1
FAS  1220 17 in 11/003,146282,absent,1
FAS  1220 17 in 11/003,150316,late,1
FAS  1220 17 in 11/003,154188,absent,1
FAS  1220 20 in 08/111,121699,absent,1
FAS  1220 20 in 08/111,145390,absent,1
FAS  1220 20 in 08/111,147339,absent,1
FAS  1220 20 in 08/111,157390,absent,1
FAS  1220 21 in 11/101,143656,absent,1
FAS  1220 21 in 11/101,143692,absent,1
FAS  1220 21 in 11/101,159404,absent,1
FAS  1220 23 in 11/101,119227,absent,1
FAS  1220 23 in 11/101,135828,absent,1
FAS  1220 23 in 11/101,145117,absent,1
FAS  1220 23 in 11/101,145929,absent,1
FAS  1220 23 in 11/101,146079,absent,1
FAS  1220 23 in 11/101,147064,absent,1
FIN  3301 01 in 04/101,120172,late,1
FIN  3301 01 in 04/101,95965,absent,1
FIN  3301 02 in 08B/108,100193,absent,1
FIN  3301 02 in 08B/108,102320,absent,1
FIN  3301 02 in 08B/108,109323,late,1
FIN  3301 02 in 08B/108,118917,late,1
FIN  3301 02 in 08B/108,121711,late,1
FIN  3301 02 in 08B/108,125503,absent,1
FIN  3301 02 in 08B/108,81159,late,1
FIN  3301 02 in 08B/108,87457,late,1
FIN  3301 03 in 05/107,100459,absent,1
FIN  3301 03 in 05/107,84862,absent,1
FIN  3301 06 in 08/114,113865,late,1
FIN  3301 06 in 08/114,115079,absent,1
FIN  3301 06 in 08/114,121990,absent,1
FIN  3301 06 in 08/114,122431,absent,1
FIN  3301 06 in 08/114,124317,late,1
FIN  3301 06 in 08/114,140197,absent,1
FIN  3301 06 in 08/114,141382,absent,1
FIN  3301 07 in 08/114,107763,late,1
FIN  3302 01 in 04/004,102028,absent,1
FIN  3302 01 in 04/004,102433,absent,1
FIN  3302 01 in 04/004,142770,late,1
FIN  3302 01 in 04/004,99591,absent,1
FIN  3302 02 in 06/008,111995,absent,1
FIN  3302 02 in 06/008,117586,absent,1
FIN  3302 03 in 04/003,88183,absent,1
FIN  3303 03 in 07/003,106386,absent,1
FIN  3303 03 in 07/003,117216,absent,1
FIN  3303 03 in 07/003,117380,absent,1
FIN  3303 03 in 07/003,79499,absent,1
FIN  3303 03 in 07/003,94913,absent,1
FIN  3303 04 in 08B/108,100704,absent,1
FIN  3303 04 in 08B/108,102993,absent,1
FIN  3303 04 in 08B/108,103027,absent,1
FIN  3303 04 in 08B/108,103430,absent,1
FIN  3303 04 in 08B/108,107677,absent,1
FIN  3303 04 in 08B/108,88183,absent,1
FIN  3303 04 in 08B/108,92901,absent,1
FIN  3303 04 in 08B/108,96724,absent,1
FIN  3305 01 in 04/102,106061,absent,1
FIN  3305 01 in 04/102,84922,absent,1
FIN  3305 01 in 04/102,87369,absent,1
FIN  3305 01 in 04/102,88911,absent,1
FIN  3305 01 in 04/102,93514,absent,1
FIN  3305 01 in 04/102,99325,absent,1
FIN  3307 C1,117656,absent,1
FIN  3307 C1,99126,absent,1
FIN  4304 02 in 04/101,100894,absent,1
FIN  4304 02 in 04/101,103033,absent,1
FIN  4304 02 in 04/101,117265,absent,1
FIN  4304 02 in 04/101,85548,absent,1
FIN  4304 02 in 04/101,86349,absent,1
FIN  4304 02 in 04/101,89412,absent,1
FIN  4304 02 in 04/101,89870,absent,1
FIN  5313 01 in 08B/102,114106,absent,1
FRE  1301 01 in 08B/107,148085,absent,1
FRE  1302 01 in 08B/105,153613,absent,1
FRN  1208 01 in 10/004,89793,absent,1
FRN  2210 01 in 08/111,103128,late,1
FRN  2210 01 in 08/111,81222,absent,1
FRN  2210 02 in 08B/102,98736,late,1
FRN  2210 03 in 08/013,120506,absent,1
FRN  3210 01 in 06/008,81539,absent,1
FRN  3210 04 in 08B/217,84617,absent,1
FRN  3210 05 in 08/101,102865,absent,1
FRN  3210 05 in 08/101,89295,absent,1
FYE  1101 01 in 08B/AUD,146456,absent,1
FYE  1101 01 in 08B/AUD,154306,absent,1
FYE  1101 01 in 08B/AUD,157414,absent,1
FYE  1101 01 in 08B/AUD,158061,absent,1
FYE  1101 02 in 08B/AUD,146150,absent,1
FYE  1101 02 in 08B/AUD,156969,late,1
FYE  1101 03 in 07/002,153394,absent,1
FYE  1101 03 in 07/002,155205,late,1
FYE  1101 03 in 07/002,156187,absent,1
FYE  1101 03 in 07/002,157229,late,1
FYE  1101 03 in 07/002,157416,absent,1
FYE  1101 03 in 07/002,158003,late,1
FYE  1101 03 in 07/002,158071,absent,1
FYE  1101 03 in 07/002,158404,late,1
FYE  1101 03 in 07/002,158674,absent,1
FYE  1101 03 in 07/002,92629,absent,1
FYE  1102 01 in 07/002,144117,late,1
FYE  1102 01 in 07/002,144120,absent,1
FYE  1102 01 in 07/002,146016,absent,1
FYE  1102 01 in 07/002,146505,late,1
FYE  1102 01 in 07/002,150207,late,1
FYE  1102 01 in 07/002,154113,late,1
FYE  1102 01 in 07/002,154751,late,1
FYE  1102 01 in 07/002,154786,late,1
FYE  1102 01 in 07/002,155863,late,1
FYE  1102 01 in 07/002,156371,late,1
FYE  1102 02 in 07/002,116955,absent,1
FYE  1102 02 in 07/002,143185,late,1
FYE  1102 02 in 07/002,145148,absent,1
FYE  1102 02 in 07/002,146037,absent,1
FYE  1102 02 in 07/002,150504,absent,1
FYE  1102 02 in 07/002,150788,absent,1
FYE  1102 02 in 07/002,154072,late,1
FYE  1102 02 in 07/002,155989,late,1
FYE  1102 03 in 08B/AUD,143693,late,1
FYE  1102 03 in 08B/AUD,145126,late,1
FYE  1102 03 in 08B/AUD,145138,late,1
FYE  1102 03 in 08B/AUD,145471,late,1
FYE  1102 03 in 08B/AUD,146181,late,1
FYE  1102 03 in 08B/AUD,146292,late,1
FYE  1102 03 in 08B/AUD,147994,late,1
FYE  1102 03 in 08B/AUD,148085,absent,1
FYE  1102 03 in 08B/AUD,148225,absent,1
FYE  1102 03 in 08B/AUD,149352,absent,1
FYE  1102 03 in 08B/AUD,155579,late,1
FYE  1102 03 in 08B/AUD,156102,absent,1
FYE  1102 03 in 08B/AUD,156112,late,1
FYE  1102 04 in 07/002,146592,absent,1
FYE  1102 04 in 07/002,147956,absent,1
FYE  1102 04 in 07/002,151962,absent,1
FYE  1102 04 in 07/002,154281,late,1
FYE  1102 04 in 07/002,157496,absent,1
FYE  1102 05 in 07/002,145363,absent,1
FYE  1102 05 in 07/002,146282,absent,1
FYE  1102 05 in 07/002,147916,absent,1
FYE  1102 05 in 07/002,148083,absent,1
FYE  1102 05 in 07/002,149457,late,1
FYE  1102 05 in 07/002,149901,absent,1
FYE  1102 05 in 07/002,153675,absent,1
FYE  1102 05 in 07/002,155517,absent,1
FYE  1102 05 in 07/002,156499,absent,1
FYE  1102 06 in 07/002,151680,late,1
FYE  1102 07 in 07/002,145283,late,1
FYE  1102 07 in 07/002,150401,absent,1
FYE  1102 07 in 07/002,151140,absent,1
FYE  1102 07 in 07/002,154188,absent,1
FYE  1102 07 in 07/002,156336,late,1
FYE  1102 08 in 07/002,148365,absent,1
FYE  1102 08 in 07/002,157331,absent,1
FYE  1102 09 in 07/002,106907,absent,1
FYE  1102 09 in 07/002,120565,absent,1
FYE  1102 10 in 07/002,145739,absent,1
FYE  1102 10 in 07/002,153203,absent,1
FYE  1102 10 in 07/002,155291,absent,1
FYE  1102 10 in 07/002,155831,absent,1
FYE  1102 10 in 07/002,90171,absent,1
FYE  1102 11 in 07/002,110229,absent,1
FYE  1102 11 in 07/002,147180,absent,1
FYE  1102 11 in 07/002,149914,absent,1
FYE  1102 12 in 07/002,146067,absent,1
FYE  1102 12 in 07/002,149097,absent,1
FYE  1102 12 in 07/002,151771,absent,1
FYE  1102 12 in 07/002,157225,late,1
FYE  1102 13 in 07/002,145031,absent,1
FYE  1102 13 in 07/002,147053,absent,1
FYE  1102 13 in 07/002,147619,late,1
FYE  1102 13 in 07/002,154381,absent,1
FYE  1102 13 in 07/002,155337,absent,1
FYE  1102 13 in 07/002,157591,late,1
FYE  1102 14 in 07/002,140617,absent,1
FYE  1102 14 in 07/002,146454,late,1
FYE  1102 14 in 07/002,148975,absent,1
FYE  1102 14 in 07/002,149047,late,1
FYE  1102 14 in 07/002,149875,absent,1
FYE  1102 14 in 07/002,150156,absent,1
FYE  1102 14 in 07/002,150238,absent,1
FYE  1102 14 in 07/002,151231,absent,1
FYE  1102 14 in 07/002,153036,absent,1
FYE  1102 14 in 07/002,153179,absent,1
FYE  1102 14 in 07/002,155131,absent,1
FYE  1102 14 in 07/002,155651,absent,1
FYE  1102 14 in 07/002,156107,absent,1
FYE  1102 14 in 07/002,156240,absent,1
FYE  1102 14 in 07/002,156241,absent,1
FYE  1102 14 in 07/002,157159,absent,1
FYE  1102 14 in 07/002,157391,absent,1
FYE  1102 15 in 07/002,119144,absent,1
FYE  1102 15 in 07/002,135716,absent,1
FYE  1102 15 in 07/002,145589,absent,1
FYE  1102 15 in 07/002,155254,late,1
FYE  1102 16 in 07/002,145297,late,1
FYE  1102 16 in 07/002,145560,absent,1
FYE  1102 16 in 07/002,149494,late,1
FYE  1102 16 in 07/002,150580,late,1
FYE  1102 16 in 07/002,153697,absent,1
FYE  1102 16 in 07/002,156931,absent,1
FYE  1102 17 in 07/002,124347,absent,1
FYE  1102 17 in 07/002,145375,absent,1
FYE  1102 17 in 07/002,147637,absent,1
FYE  1102 17 in 07/002,147914,absent,1
FYE  1102 17 in 07/002,148104,absent,1
FYE  1102 18 in 07/002,116957,absent,1
FYE  1102 18 in 07/002,145577,absent,1
FYE  1102 18 in 07/002,145643,absent,1
FYE  1102 18 in 07/002,145763,absent,1
FYE  1102 18 in 07/002,151031,absent,1
FYE  1102 18 in 07/002,152242,absent,1
FYE  1102 18 in 07/002,152330,absent,1
FYE  1102 18 in 07/002,152545,absent,1
FYE  1102 18 in 07/002,86042,absent,1
FYE  1102 19 in 07/002,148459,absent,1
FYE  1102 19 in 07/002,148974,absent,1
FYE  1102 19 in 07/002,151384,absent,1
FYE  1102 19 in 07/002,152196,absent,1
FYE  1102 20 in 07/002,116964,absent,1
FYE  1102 20 in 07/002,145159,absent,1
FYE  1102 20 in 07/002,149686,absent,1
FYE  1102 20 in 07/002,151075,absent,1
FYE  1102 20 in 07/002,154765,absent,1
FYE  1102 20 in 07/002,156906,absent,1
FYE  1102 20 in 07/002,157162,absent,1
FYE  1102 20 in 07/002,157406,absent,1
GBU  2301 01 in 08B/217,117634,absent,1
GBU  2301 01 in 08B/217,118192,late,1
GBU  2301 01 in 08B/217,120306,absent,1
GBU  2301 01 in 08B/217,141533,absent,1
GBU  2301 02 in 08B/108,115079,absent,1
GBU  2301 02 in 08B/108,115744,absent,1
GBU  2301 02 in 08B/108,118924,absent,1
GBU  2301 02 in 08B/108,119536,late,1
GBU  2301 02 in 08B/108,153675,absent,1
GBU  2301 02 in 08B/108,154407,absent,1
GBU  2301 02 in 08B/108,155177,absent,1
GBU  2301 02 in 08B/108,155722,absent,1
GBU  2301 02 in 08B/108,156676,absent,1
GBU  2301 02 in 08B/108,88622,absent,1
GBU  2301 02 in 08B/108,90237,absent,1
GBU  2301 03 in 04/106,102034,absent,1
GBU  2301 03 in 04/106,114034,absent,1
GBU  2301 03 in 04/106,115751,absent,1
GBU  2301 03 in 04/106,135716,absent,1
GBU  2301 03 in 04/106,143136,absent,1
GBU  2301 03 in 04/106,146330,late,1
GBU  2301 03 in 04/106,149833,absent,1
GBU  2301 03 in 04/106,98836,absent,1
GBU  2301 04 in 04/004,117425,absent,1
GBU  2301 04 in 04/004,124199,absent,1
GBU  2301 04 in 04/004,125176,absent,1
GBU  2301 04 in 04/004,138135,absent,1
GBU  2301 05 in 04/108,120084,absent,1
GBU  2301 05 in 04/108,120877,absent,1
GBU  2301 06 in 04/101,119520,absent,1
GBU  2301 06 in 04/101,120101,absent,1
GBU  2301 06 in 04/101,145643,absent,1
GBU  3203 04 in 09/104,75157,absent,1
GBU  3203 04 in 09/104,93608,absent,1
GBU  3302 03 in 09/104,103737,absent,1
GBU  3302 03 in 09/104,83122,absent,1
GBU  3302 03 in 09/104,83695,absent,1
GBU  3302 03 in 09/104,84594,absent,1
GBU  3302 03 in 09/104,86364,absent,1
GBU  3302 03 in 09/104,89543,absent,1
GBU  3302 04 in 04/004,101738,absent,1
GBU  3302 04 in 04/004,77685,absent,1
GBU  3302 04 in 04/004,81539,late,1
GBU  3302 04 in 04/004,84286,absent,1
GBU  3302 04 in 04/004,88422,absent,1
GBU  3302 04 in 04/004,97750,absent,1
GBU  3311 01 in 04/002,117307,absent,1
GBU  3311 01 in 04/002,119215,absent,1
GBU  3311 01 in 04/002,119501,absent,1
GBU  3311 01 in 04/002,122235,absent,1
GBU  3311 01 in 04/002,143939,absent,1
GBU  3311 01 in 08/114,103515,absent,1
GBU  3311 01 in 08/114,118192,absent,1
GBU  3311 01 in 08/114,120887,absent,1
GBU  3311 01 in 08/114,121884,absent,1
GBU  3311 01 in 08/114,76943,absent,1
GBU  3311 01 in 08/114,89799,absent,1
GBU  3311 03 in 04/001,119256,late,1
GBU  3311 03 in 04/001,122339,late,1
GBU  3311 05 in 04/004,117380,absent,1
GBU  3311 05 in 04/004,138883,absent,1
GBU  3311 05 in 04/004,140552,absent,1
GBU  3311 05 in 04/004,143069,absent,1
GBU  3311 07 in 05/003,105610,absent,1
GBU  3311 07 in 05/003,116083,absent,1
GBU  3399 01 in 04/108,81768,absent,1
GBU  3399 01 in 04/108,86152,absent,1
GBU  5306 01 in 09/104,114106,absent,1
GBU  5306 01 in 09/104,118490,absent,1
GBU  5306 01 in 09/104,78230,absent,1
GBU  5306 01 in 09/104,80422,absent,1
GEO  1301 02 in 10/007,104927,absent,1
GEO  1301 02 in 10/007,116955,absent,1
GEO  1301 02 in 10/007,119118,absent,1
GEO  1301 02 in 10/007,119954,absent,1
GEO  1301 02 in 10/007,156102,absent,1
GEO  1301 05 in 10/007,112635,absent,1
GEO  1301 05 in 10/007,112837,late,1
GEO  1301 05 in 10/007,113579,absent,1
GEO  1301 05 in 10/007,119383,absent,1
GEO  1301 05 in 10/007,120231,absent,1
GEO  1301 05 in 10/007,143291,absent,1
GEO  1301 05 in 10/007,149515,absent,1
GEO  1301 05 in 10/007,88911,absent,1
GEO  2305 01 in 10/007,101435,absent,1
GEO  2305 01 in 10/007,141215,absent,1
GEO  2305 01 in 10/007,143496,absent,1
GER  1301 01 in 08B/112,80572,late,1
GER  1301 01 in 08B/112,86072,absent,1
GER  1301 02 in 08B/112,94469,absent,1
HIS  1301 01 in 09/104,100354,absent,1
HIS  1301 01 in 09/104,101777,absent,1
HIS  1301 01 in 09/104,102744,absent,1
HIS  1301 01 in 09/104,138220,absent,1
HIS  1301 01 in 09/104,153889,absent,1
HIS  1301 01 in 09/104,91881,absent,1
HIS  1301 02 in 04/106,106163,absent,1
HIS  1301 02 in 04/106,147053,absent,1
HIS  1301 02 in 04/106,80067,absent,1
HIS  1301 02 in 04/106,80224,absent,1
HIS  1301 02 in 04/106,80442,absent,1
HIS  1301 02 in 04/106,85772,absent,1
HIS  1301 02 in 04/106,99976,absent,1
HIS  1301 03 in 10/107,101318,late,1
HIS  1301 03 in 10/107,115575,late,1
HIS  1301 03 in 10/107,116622,absent,1
HIS  1301 03 in 10/107,83417,late,1
HIS  1301 03 in 10/107,86364,absent,1
HIS  1301 03 in 10/107,99371,late,1
HIS  1301 04 in 08B/001,104046,late,1
HIS  1301 04 in 08B/001,112603,absent,1
HIS  1301 04 in 08B/001,86351,absent,1
HIS  2301 01 in 04/007,100948,absent,1
HIS  2301 01 in 11/105,113754,absent,1
HIS  2301 01 in 11/105,117884,absent,1
HIS  2301 01 in 11/105,118067,absent,1
HIS  2301 01 in 11/105,119954,absent,1
HIS  2301 01 in 11/105,124711,absent,1
HIS  2301 01 in 11/105,140197,absent,1
HIS  2301 02 in 08/101,118530,absent,1
HIS  2301 02 in 08/101,119475,absent,1
HIS  2301 02 in 08/101,123134,absent,1
HIS  2301 02 in 08/101,140383,absent,1
HIS  2301 02 in 08/101,145043,absent,1
HIS  2301 03 in 04/108,101658,absent,1
HIS  2301 03 in 04/108,138571,absent,1
HIS  2301 03 in 04/108,142228,absent,1
HIS  2301 03 in 04/108,77488,absent,1
HIS  2301 03 in 04/108,99958,absent,1
HIS  3301 01 in 08B/217,110280,absent,1
HIS  3301 01 in 08B/217,110990,absent,1
HRD  2300 01 in 06/008,102098,late,1
HRD  2300 01 in 06/008,110280,absent,1
HRD  2300 01 in 06/008,123724,absent,1
HRD  2300 01 in 06/008,124468,absent,1
HRD  2300 01 in 06/008,135451,late,1
HRD  2300 01 in 06/008,142389,absent,1
HRD  2300 01 in 06/008,78915,absent,1
HRD  3304 01 in 08/111,69140,late,1
HRD  3304 01 in 08/111,81353,late,1
HRD  3304 01 in 08/111,85516,absent,1
HRD  3304 01 in 08/111,98548,late,1
HRD  3304 01 in 08/111,98664,late,1
HRD  3401 01 in 04/107,102993,absent,1
HRD  3401 01 in 04/107,109605,late,1
HRD  3401 01 in 04/107,78915,absent,1
HRD  3401 01 in 04/107,79925,absent,1
HRD  3401 01 in 04/107,80273,absent,1
HRD  3401 01 in 04/107,84207,absent,1
HRD  4304 01 in 08/101,101501,absent,1
HRD  4304 01 in 08/101,76409,absent,1
HRD  4304 01 in 08/101,78723,absent,1
HRD  4304 01 in 08/101,85516,absent,1
HRD  4304 01 in 08/101,98548,absent,1
HRD  4304 01 in 08/101,98664,absent,1
HRD  4307 01 in 06/008,87127,absent,1
HRD  5312 01 in 11/105,141874,absent,1
HRD  5314 01 in 11/003,141874,absent,1
HRD  5314 01 in 11/003,74164,late,1
HUM  2301 01 in 04/106,103791,late,1
HUM  2301 02 in 04/003,92552,absent,1
HUM  2301 02 in 04/003,98924,absent,1
HUM  2301 03 in 06/003,117183,late,1
HUM  2301 03 in 06/003,124835,absent,1
HUM  2302 01 in 08/104,115661,absent,1
HUM  2302 01 in 08/104,153613,absent,1
HUM  2302 02 in 06/111,157957,absent,1
HUM  2302 03 in 04/106,124835,absent,1
HUM  2302 03 in 04/106,79168,absent,1
HUM  2302 04 in 10/107,100688,absent,1
HUM  2302 04 in 10/107,117644,absent,1
HUM  2302 04 in 10/107,118436,absent,1
HUM  2302 04 in 10/107,142037,absent,1
HUM  2302 04 in 10/107,88238,absent,1
HUM  2302 04 in 10/107,89816,absent,1
HUM  2306 01 in 07/003,100750,absent,1
HUM  2306 01 in 07/003,85479,absent,1
HUM  2306 01 in 07/003,97026,absent,1
HUM  2306 02 in 04/101,85274,absent,1
INS  2301 02 in 04/108,104273,absent,1
INS  2301 02 in 04/108,115836,absent,1
INS  2301 02 in 04/108,119253,late,1
INS  2301 02 in 04/108,119890,late,1
INS  2301 02 in 04/108,121589,absent,1
INS  2301 02 in 04/108,135451,late,1
INS  2301 02 in 04/108,143308,absent,1
INS  2301 02 in 04/108,158284,late,1
INS  2301 02 in 04/108,94413,late,1
INS  2301 02 in 04/108,95303,absent,1
INS  2301 02 in 04/108,98825,late,1
INS  2301 02 in 04/108,99802,late,1
INS  2302 01 in 08/013,106102,late,1
INS  2320 01 in 04/107,135451,absent,1
INS  2320 01 in 04/107,85769,absent,1
INS  2320 01 in 04/107,94098,absent,1
INS  3303 01 in 04/107,110280,absent,1
INS  3303 01 in 04/107,117963,absent,1
INS  3303 01 in 04/107,158257,absent,1
INS  3303 01 in 04/107,80504,absent,1
INS  3303 01 in 04/107,97884,absent,1
INS  3304 01 in 06/106,100286,absent,1
INS  3306 01 in 08/114,100210,late,1
INS  3306 01 in 08/114,100817,absent,1
INS  3306 01 in 08/114,117963,absent,1
INS  3306 01 in 08/114,80504,absent,1
INS  3306 01 in 08/114,84680,absent,1
INS  3306 01 in 08/114,85045,absent,1
INS  3306 01 in 08/114,97814,late,1
INS  3306 01 in 08/114,97884,late,1
INS  5303 01 in 04/008,77164,absent,1
INS  5310 02 in 08/014,81537,absent,1
INS  5310 02 in 08/014,84229,absent,1
KOR  1301 01 in 08B/112,101131,absent,1
KOR  1301 01 in 08B/112,107770,absent,1
KOR  1301 01 in 08B/112,124416,absent,1
KOR  1301 01 in 08B/112,140895,absent,1
KOR  1301 01 in 08B/112,141660,absent,1
KOR  1301 01 in 08B/112,99599,late,1
KOR  1301 02 in 08B/112,102469,absent,1
KOR  1301 02 in 08B/112,136021,absent,1
KOR  1301 02 in 08B/112,142916,absent,1
KOR  1301 02 in 08B/112,145929,absent,1
KOR  1301 02 in 08B/112,146214,absent,1
KOR  1301 02 in 08B/112,148011,absent,1
KOR  1301 02 in 08B/112,83685,late,1
KOR  1301 02 in 08B/112,83806,absent,1
KOR  1301 02 in 08B/112,90558,late,1
LIT  2301 01 in 04/007,104447,late,1
LIT  2301 01 in 04/007,105841,late,1
LIT  2301 01 in 04/007,107488,late,1
LIT  2301 01 in 04/007,116977,absent,1
LIT  2301 01 in 04/007,117216,absent,1
LIT  2301 01 in 04/007,120227,late,1
LIT  2301 01 in 04/007,158026,absent,1
LIT  2301 02 in 04/108,101128,absent,1
LIT  2301 02 in 04/108,101357,absent,1
LIT  2301 02 in 04/108,122819,absent,1
MGT  3301 03 in 04/104,140735,absent,1
MGT  3301 03 in 04/104,89479,absent,1
MGT  3301 03 in 04/104,90379,absent,1
MGT  3301 04 in 04/102,101116,absent,1
MGT  3301 04 in 04/102,138270,absent,1
MGT  3302 01 in 04/004,85214,absent,1
MGT  3302 03 in 08B/104,115836,absent,1
MGT  3302 03 in 08B/104,117275,absent,1
MGT  3302 03 in 08B/104,123107,absent,1
MGT  3302 03 in 08B/104,141382,absent,1
MGT  3302 03 in 08B/104,93013,absent,1
MGT  3302 03 in 08B/104,99958,absent,1
MGT  3302 04 in 04/105,101989,absent,1
MGT  3302 04 in 04/105,102028,absent,1
MGT  3302 04 in 04/105,111995,absent,1
MGT  3302 04 in 04/105,115825,absent,1
MGT  3302 04 in 04/105,117660,absent,1
MGT  3302 04 in 04/105,120101,absent,1
MGT  3302 04 in 04/105,84753,absent,1
MGT  3302 04 in 04/105,85920,absent,1
MGT  3302 04 in 04/105,99011,absent,1
MGT  3302 04 in 04/105,99363,absent,1
MGT  3302 04 in 04/105,99446,absent,1
MGT  3305 01 in 06/106,100296,absent,1
MGT  3305 01 in 06/106,100736,absent,1
MGT  3305 01 in 06/106,116622,absent,1
MGT  3305 01 in 06/106,158156,absent,1
MGT  3305 01 in 06/106,99958,absent,1
MGT  3305 02 in 06/106,100587,absent,1
MGT  3305 02 in 06/106,101232,absent,1
MGT  3305 02 in 06/106,103027,absent,1
MGT  3305 02 in 06/106,106108,absent,1
MGT  3305 02 in 06/106,157162,absent,1
MGT  3305 02 in 06/106,87118,absent,1
MGT  4301 01 in 04/001,90692,absent,1
MGT  4301 02 in 04/105,80057,absent,1
MGT  4301 02 in 04/105,82996,absent,1
MGT  4301 02 in 04/105,87369,absent,1
MGT  4301 02 in 04/105,87595,absent,1
MGT  4301 02 in 04/105,97302,absent,1
MGT  4301 03 in 09/104,82674,absent,1
MGT  4301 03 in 09/104,84475,absent,1
MGT  4301 03 in 09/104,85990,absent,1
MGT  4301 03 in 09/104,86876,absent,1
MGT  4301 03 in 09/104,98360,absent,1
MGT  4301 04 in 04/104,80275,absent,1
MGT  4301 04 in 04/104,82248,absent,1
MGT  4301 04 in 04/104,84939,absent,1
MGT  4301 04 in 04/104,86594,absent,1
MGT  4303 03 in 11/105,73456,absent,1
MGT  4303 03 in 11/105,85219,late,1
MGT  4311 01 in 04/003,76740,absent,1
MGT  4311 01 in 04/003,82929,absent,1
MGT  4311 01 in 04/003,82996,absent,1
MGT  4312 01 in OFFF/ONLIN,107558,late,1
MGT  4312 01 in OFFF/ONLIN,84521,absent,1
MGT  4312 01 in OFFF/ONLIN,95965,absent,1
MGT  4312 03 in OFFF/ONLIN,100509,late,1
MGT  4312 03 in OFFF/ONLIN,117656,absent,1
MGT  4312 03 in OFFF/ONLIN,158112,absent,1
MGT  4312 03 in OFFF/ONLIN,84118,absent,1
MGT  4312 03 in OFFF/ONLIN,85363,absent,1
MGT  4314 01 in 06/106,100587,absent,1
MGT  4314 01 in 06/106,101232,absent,1
MGT  4314 01 in 06/106,157162,absent,1
MIS  3301 03 in 08B/108,100204,absent,1
MIS  3301 03 in 08B/108,105984,absent,1
MIS  3301 03 in 08B/108,116622,absent,1
MIS  3301 03 in 08B/108,116676,absent,1
MIS  3301 03 in 08B/108,117754,absent,1
MIS  3301 03 in 08B/108,93608,absent,1
MIS  3301 03 in 08B/108,98592,absent,1
MIS  3301 04 in 07/003,117216,absent,1
MIS  3301 04 in 07/003,117480,absent,1
MIS  3301 04 in 07/003,84690,absent,1
MIS  3301 04 in 07/003,85479,absent,1
MIS  3301 05 in OFFF/ONLIN,100508,absent,1
MIS  3301 05 in OFFF/ONLIN,121884,absent,1
MKT  3301 01 in 04/106,101658,absent,1
MKT  3301 01 in 04/106,105001,absent,1
MKT  3301 01 in 04/106,118227,late,1
MKT  3301 01 in 04/106,121647,absent,1
MKT  3301 01 in 04/106,124711,absent,1
MKT  3301 01 in 04/106,125040,absent,1
MKT  3301 01 in 04/106,136489,absent,1
MKT  3301 01 in 04/106,98466,absent,1
MKT  3301 03 in 04/101,112240,late,1
MKT  3301 03 in 04/101,117855,absent,1
MKT  3301 03 in 04/101,119880,late,1
MKT  3301 03 in 04/101,120767,late,1
MKT  3301 03 in 04/101,120894,absent,1
MKT  3301 03 in 04/101,121463,late,1
MKT  3301 03 in 04/101,137805,late,1
MKT  3301 03 in 04/101,83418,late,1
MKT  3301 03 in 04/101,87667,absent,1
MKT  3301 03 in 04/101,89816,absent,1
MKT  3301 03 in 04/101,93588,absent,1
MKT  3301 03 in 04/101,94030,absent,1
MKT  3301 04 in 09/104,101369,absent,1
MKT  3301 04 in 09/104,111175,absent,1
MKT  3301 04 in 09/104,118441,late,1
MKT  3301 04 in 09/104,119227,late,1
MKT  3301 04 in 09/104,122026,late,1
MKT  3301 04 in 09/104,123107,absent,1
MKT  3301 04 in 09/104,125364,absent,1
MKT  3301 05 in 11/008,100193,absent,1
MKT  3301 05 in 11/008,115079,absent,1
MKT  3301 05 in 11/008,122431,absent,1
MKT  3301 05 in 11/008,124317,absent,1
MKT  3301 05 in 11/008,141382,absent,1
MKT  3301 05 in 11/008,79111,absent,1
MKT  3301 06 in 04/101,103515,absent,1
MKT  3301 06 in 04/101,105001,absent,1
MKT  3301 06 in 04/101,115836,absent,1
MKT  3301 06 in 04/101,117275,absent,1
MKT  3301 06 in 04/101,118616,absent,1
MKT  3301 06 in 04/101,121407,absent,1
MKT  3301 06 in 04/101,84642,absent,1
MKT  3301 07 in 04/004,102173,absent,1
MKT  3301 07 in 04/004,114113,absent,1
MKT  3301 07 in 04/004,117822,absent,1
MKT  3301 07 in 04/004,119246,late,1
MKT  3301 07 in 04/004,84962,absent,1
MKT  3301 07 in 04/004,99505,absent,1
MKT  3302 01 in 07/003,100843,absent,1
MKT  3302 01 in 07/003,101232,absent,1
MKT  3302 01 in 07/003,103838,late,1
MKT  3302 01 in 07/003,106163,absent,1
MKT  3302 01 in 07/003,106700,absent,1
MKT  3302 01 in 07/003,116045,absent,1
MKT  3302 01 in 07/003,123529,absent,1
MKT  3302 01 in 07/003,124456,absent,1
MKT  3302 01 in 07/003,157994,absent,1
MKT  3302 01 in 07/003,84594,late,1
MKT  3302 01 in 07/003,99434,absent,1
MKT  3302 02 in 07/003,100128,late,1
MKT  3302 02 in 07/003,101168,absent,1
MKT  3302 02 in 07/003,101474,absent,1
MKT  3303 01 in 04/106,101241,absent,1
MKT  3303 01 in 04/106,120385,absent,1
MKT  3303 01 in 04/106,136475,absent,1
MKT  3303 01 in 04/106,84098,absent,1
MKT  3303 02 in 04/106,101474,absent,1
MKT  3303 02 in 04/106,107069,absent,1
MKT  3303 03 in 08/114,117380,absent,1
MKT  3303 03 in 08/114,158112,absent,1
MKT  3303 03 in 08/114,89027,late,1
MKT  3304 01 in 04/007,79287,late,1
MKT  3304 01 in 04/007,84286,absent,1
MKT  3304 01 in 04/007,85860,absent,1
MKT  3304 01 in 04/007,86349,late,1
MKT  3304 01 in 04/007,92384,absent,1
MKT  3304 01 in 04/007,94661,absent,1
MKT  3304 01 in 04/007,99067,absent,1
MKT  3305 01 in OFFF/ONLIN,100721,absent,1
MKT  3305 01 in OFFF/ONLIN,109143,late,1
MKT  3305 01 in OFFF/ONLIN,117329,late,1
MKT  3305 01 in OFFF/ONLIN,80034,absent,1
MKT  3305 01 in OFFF/ONLIN,91172,absent,1
MKT  3305 01 in OFFF/ONLIN,98465,late,1
MKT  3305 02 in OFFF/ONLIN,88289,absent,1
MKT  3305 03 in 04/108,99952,absent,1
MKT  4302 02 in 04/102,102206,absent,1
MKT  4302 02 in 04/102,117329,absent,1
MKT  4302 02 in 04/102,85166,absent,1
MKT  4304 01 in 08B/218,84380,absent,1
MKT  4304 01 in 08B/218,84741,absent,1
MKT  4306 01 in OFFF/ONLIN,80572,absent,1
MKT  4306 01 in OFFF/ONLIN,81768,absent,1
MKT  4306 01 in OFFF/ONLIN,84181,absent,1
MKT  4306 01 in OFFF/ONLIN,90161,absent,1
MKT  4306 01 in OFFF/ONLIN,93608,absent,1
MKT  5302 01 in 06/111,80422,absent,1
MKT  5304 01 in 09/104,70371,absent,1
MKT  5304 01 in 09/104,72864,absent,1
MKT  5305 01 in 08B/107,144675,late,1
MKT  5305 01 in 08B/107,151291,late,1
MKT  5305 01 in 08B/107,155908,absent,1
MKT  5305 01 in 08B/107,156113,absent,1
MKT  5305 01 in 08B/107,156509,absent,1
MKT  5305 01 in 08B/107,157672,absent,1
MKT  5305 01 in 08B/107,74945,absent,1
MKT  5312 01 in 08B/112,74042,absent,1
MTH  1303 01 in 07/002,120677,absent,1
MTH  1303 01 in 07/002,136440,absent,1
MTH  1303 01 in 07/002,142916,absent,1
MTH  1303 01 in 07/002,153129,late,1
MTH  1303 01 in 07/002,157667,absent,1
MTH  1303 01 in 07/002,158499,absent,1
MTH  1303 02 in 07/002,142598,absent,1
MTH  1303 02 in 07/002,143016,absent,1
MTH  1303 02 in 07/002,146175,absent,1
MTH  1303 02 in 07/002,146335,late,1
MTH  1303 02 in 07/002,152026,late,1
MTH  1303 02 in 07/003,148975,absent,1
MTH  1303 03 in 09/104,118397,absent,1
MTH  1303 03 in 09/104,119525,absent,1
MTH  1303 03 in 09/104,146312,absent,1
MTH  1303 03 in 09/104,154928,absent,1
MTH  1303 03 in 09/104,155337,absent,1
MTH  1303 03 in 09/104,156716,absent,1
MTH  1303 03 in 09/104,156872,absent,1
MTH  1303 04 in 04/001,118240,absent,1
MTH  1303 04 in 04/001,122819,absent,1
MTH  1303 04 in 04/001,145632,absent,1
MTH  1303 04 in 04/001,146853,absent,1
MTH  1303 04 in 04/001,148580,absent,1
MTH  1303 04 in 04/001,150256,absent,1
MTH  1303 04 in 04/001,151319,absent,1
MTH  1303 04 in 04/001,157494,absent,1
MTH  1303 04 in 04/001,157898,absent,1
MTH  1303 04 in 04/001,158859,absent,1
MTH  1303 05 in 04/001,145542,absent,1
MTH  1303 05 in 04/001,149230,absent,1
MTH  1303 05 in 04/001,149734,absent,1
MTH  1303 06 in 07/003,122208,absent,1
MTH  1303 06 in 07/003,138759,absent,1
MTH  1303 06 in 07/003,145545,absent,1
MTH  1303 06 in 07/003,145887,absent,1
MTH  1303 06 in 07/003,146303,absent,1
MTH  1303 06 in 07/003,148725,absent,1
MTH  1303 06 in 07/003,153449,absent,1
MTH  1303 06 in 07/003,154492,absent,1
MTH  1303 06 in 07/003,155219,absent,1
MTH  1303 06 in 07/003,156371,absent,1
MTH  1303 06 in 07/003,156767,absent,1
MTH  1303 06 in 07/003,157957,absent,1
MTH  1303 07 in 09/104,117629,absent,1
MTH  1303 07 in 09/104,143018,late,1
MTH  1303 07 in 09/104,143693,absent,1
MTH  1303 07 in 09/104,145433,absent,1
MTH  1303 07 in 09/104,145773,absent,1
MTH  1303 07 in 09/104,145847,absent,1
MTH  1303 07 in 09/104,146206,absent,1
MTH  1303 07 in 09/104,146282,absent,1
MTH  1303 07 in 09/104,148811,late,1
MTH  1303 07 in 09/104,149281,absent,1
MTH  1303 07 in 09/104,149544,late,1
MTH  1303 07 in 09/104,149574,late,1
MTH  1303 07 in 09/104,150504,absent,1
MTH  1303 07 in 09/104,152130,absent,1
MTH  1303 07 in 09/104,155863,late,1
MTH  1303 08 in 08B/108,149800,absent,1
MTH  1303 08 in 08B/108,152015,absent,1
MTH  1303 08 in 08B/108,154141,absent,1
MTH  1303 08 in 08B/108,157495,absent,1
MTH  1304 01 in 04/101,149637,absent,1
MTH  1304 01 in 04/101,149901,absent,1
MTH  1304 01 in 04/101,152497,absent,1
MTH  1304 01 in 04/108,119602,absent,1
MTH  1304 01 in 04/108,145432,absent,1
MTH  1304 01 in 04/108,145544,absent,1
MTH  1304 01 in 04/108,156103,absent,1
MTH  1304 02 in 04/001,114871,absent,1
MTH  1304 02 in 04/001,147772,absent,1
MTH  1304 03 in 04/108,143944,absent,1
MTH  1304 03 in 04/108,153563,absent,1
MTH  1304 03 in 04/108,157667,absent,1
MTH  1304 04 in 08B/112,135896,absent,1
MTH  1304 04 in 08B/112,143713,absent,1
MTH  1304 04 in 08B/112,145578,absent,1
MTH  1304 05 in 08B/112,119973,late,1
MTH  1304 05 in 08B/112,121109,absent,1
MTH  1304 05 in 08B/112,148365,absent,1
MTH  1304 06 in 04/004,146150,absent,1
MTH  1304 06 in 04/004,148053,absent,1
MTH  1304 07 in 08B/217,145988,absent,1
MTH  1304 08 in 04/002,147914,absent,1
MTH  1304 08 in 04/002,148166,absent,1
MTH  1304 08 in 04/002,149593,late,1
MTH  1304 08 in 04/002,154826,late,1
MTH  1304 08 in 04/002,99057,absent,1
MTH  1305 01 in 04/004,119849,late,1
MTH  1305 01 in 04/004,122917,absent,1
MTH  1305 01 in 04/004,137046,late,1
MTH  1305 01 in 04/004,138345,absent,1
MTH  1305 01 in 04/004,140098,late,1
MTH  1305 01 in 04/004,144655,late,1
MTH  1305 01 in 04/004,145897,late,1
MTH  1305 01 in 04/004,146037,absent,1
MTH  1305 01 in 04/004,147850,late,1
MTH  1305 01 in 04/004,148402,absent,1
MTH  1305 01 in 04/004,148750,absent,1
MTH  1305 01 in 04/004,151149,late,1
MTH  1305 01 in 04/004,154289,late,1
MTH  1305 01 in 04/004,154994,absent,1
MTH  1305 01 in 04/004,155340,late,1
MTH  1305 01 in 04/004,155989,late,1
MTH  1305 01 in 04/004,156519,late,1
MTH  1305 01 in 04/004,157867,absent,1
MTH  1305 01 in 04/004,159421,late,1
MTH  1305 01 in 04/004,159672,late,1
MTH  1305 01 in 04/004,159894,late,1
MTH  1305 01 in 04/105,106518,absent,1
MTH  1305 01 in 04/105,120301,late,1
MTH  1305 01 in 04/105,121364,absent,1
MTH  1305 01 in 04/105,121441,late,1
MTH  1305 01 in 04/105,123642,late,1
MTH  1305 01 in 04/105,141936,absent,1
MTH  1305 01 in 04/105,145802,late,1
MTH  1305 01 in 04/105,147661,late,1
MTH  1305 01 in 04/105,147994,absent,1
MTH  1305 01 in 04/105,148750,absent,1
MTH  1305 01 in 04/105,149794,absent,1
MTH  1305 01 in 04/105,150566,absent,1
MTH  1305 01 in 04/105,155815,absent,1
MTH  1305 01 in 04/105,156780,absent,1
MTH  1305 01 in 04/105,157091,late,1
MTH  1305 01 in 04/105,157414,absent,1
MTH  1305 02 in 04/101,143031,absent,1
MTH  1305 02 in 04/101,148679,absent,1
MTH  1305 03 in 04/001,150856,absent,1
MTH  1305 03 in 04/001,151255,absent,1
MTH  1305 03 in 04/001,154113,absent,1
MTH  1305 03 in 04/001,154188,absent,1
MTH  1305 03 in 04/001,155674,absent,1
MTH  1305 03 in 04/001,159562,absent,1
MTH  1305 03 in 04/001,84968,absent,1
MTH  1305 04 in 04/105,121861,absent,1
MTH  1305 04 in 04/105,124513,absent,1
MTH  1305 04 in 04/105,135527,absent,1
MTH  1305 04 in 04/105,144638,absent,1
MTH  1305 04 in 04/105,146027,absent,1
MTH  1305 04 in 04/105,147916,absent,1
MTH  1305 04 in 04/105,148671,absent,1
MTH  1305 04 in 04/105,153036,absent,1
MTH  1305 06 in 04/105,121514,absent,1
MTH  1305 06 in 04/105,143242,late,1
MTH  1305 06 in 04/105,145384,absent,1
MTH  1305 06 in 04/105,145488,absent,1
MTH  1305 06 in 04/105,146855,absent,1
MTH  1305 06 in 04/105,151924,absent,1
MTH  1305 06 in 04/105,156519,absent,1
MTH  1305 06 in 04/105,156906,absent,1
MTH  1305 06 in 04/105,157047,late,1
MTH  1305 06 in 04/105,157239,absent,1
MTH  1388 01 in 04/102,111396,absent,1
MTH  1388 01 in 04/102,112360,absent,1
MTH  1388 01 in 04/102,112755,absent,1
MTH  1388 01 in 04/102,125008,absent,1
MTH  1388 01 in 04/102,145043,absent,1
MTH  1388 01 in 04/102,150156,absent,1
MTH  1388 01 in 04/102,155579,absent,1
MTH  1388 01 in 04/102,157496,absent,1
MTH  2301 02 in 04/002,101084,absent,1
MTH  2301 02 in 04/002,119196,absent,1
MTH  2301 02 in 04/002,144603,absent,1
MTH  2301 02 in 04/002,144846,absent,1
MTH  2301 02 in 04/002,145911,absent,1
MTH  2301 02 in 04/002,151695,absent,1
MTH  2301 03 in 04/004,112912,absent,1
MTH  2301 03 in 04/004,119973,absent,1
MTH  2301 04 in 04/007,104927,absent,1
MTH  2301 04 in 04/007,118951,absent,1
MTH  2301 04 in 04/007,120039,absent,1
MTH  2301 04 in 04/007,124743,absent,1
MTH  2301 04 in 04/007,124883,absent,1
MTH  2301 04 in 04/007,136011,absent,1
MTH  2301 04 in 04/007,143543,absent,1
MTH  2301 05 in 08B/103,119567,late,1
MTH  2301 05 in 08B/103,142906,late,1
MTH  2301 05 in 08B/103,143318,late,1
MTH  2301 06 in 08B/108,118611,absent,1
MTH  2301 06 in 08B/108,119358,absent,1
MTH  2301 06 in 08B/108,144637,absent,1
MTH  2301 06 in 08B/108,145135,absent,1
MTH  2301 06 in 08B/108,150556,absent,1
MTH  2301 06 in 08B/108,94574,absent,1
MTH  2301 08 in 04/107,103078,absent,1
MTH  2301 08 in 04/107,120198,absent,1
MTH  2301 08 in 04/107,123134,absent,1
MTH  2301 08 in 04/107,136227,absent,1
MTH  2301 08 in 04/107,137442,absent,1
MTH  2301 10 in 04/001,117017,late,1
MTH  2301 10 in 04/001,135573,absent,1
MTH  2301 10 in 04/001,137611,absent,1
MTH  2301 10 in 04/001,142909,absent,1
MTH  2301 10 in 04/001,145757,absent,1
MTH  2301 10 in 04/001,155208,absent,1
MTH  2301 10 in 04/001,85077,late,1
MTH  2301 10 in 04/001,87764,absent,1
MTH  2301 11 in 04/001,100293,absent,1
MTH  2301 11 in 04/001,117713,late,1
MTH  2301 11 in 04/001,118352,late,1
MTH  2301 11 in 04/001,120748,absent,1
MTH  2301 11 in 04/001,135643,late,1
MTH  2301 11 in 04/001,138919,absent,1
MTH  2301 11 in 04/001,140818,absent,1
MTH  2301 11 in 04/001,146754,absent,1
MTH  2301 11 in 04/001,158407,absent,1
MTH  2301 11 in 04/001,84786,absent,1
MTH  2301 11 in 04/001,96840,absent,1
MTH  2301 11 in 04/001,99876,late,1
MTH  2303 01 in 11/105,99482,absent,1
MTH  2303 03 in 08/104,120211,absent,1
MTH  2303 03 in 08/104,124835,absent,1
MTH  2304 01 in 06/106,101389,absent,1
MTH  2304 01 in 06/106,101519,absent,1
MTH  2304 01 in 06/106,90474,absent,1
MTH  2304 01 in 06/106,94945,absent,1
MTH  2304 01 in 06/106,97337,absent,1
MTH  2304 02 in 04/106,140815,absent,1
MTH  2304 02 in 04/106,84939,absent,1
MTH  2304 02 in 04/106,94469,absent,1
MTH  2304 02 in 04/106,98778,absent,1
MTH  2320 04 in 04/101,109024,absent,1
MTH  2320 04 in 04/101,121059,absent,1
MTH  2320 04 in 04/101,123793,absent,1
MTH  2320 04 in 04/101,143023,absent,1
MTH  2320 04 in 04/101,143240,absent,1
MTH  2320 05 in 09/104,119865,absent,1
MTH  2320 05 in 09/104,142845,absent,1
MTH  2320 05 in 09/104,76943,absent,1
MTH  2320 05 in 09/104,85807,absent,1
MTH  2320 06 in 04/001,101036,absent,1
MTH  2320 06 in 04/001,102913,absent,1
MTH  2320 06 in 04/001,112395,absent,1
MTH  2320 06 in 04/001,117459,absent,1
MTH  2320 06 in 04/001,118609,absent,1
MTH  2320 06 in 04/001,141853,absent,1
MTH  2320 06 in 04/001,83694,absent,1
MTH  2320 06 in 04/001,85274,absent,1
MTH  2320 06 in 04/001,86365,absent,1
MTH  2320 06 in 04/001,99862,absent,1
MTH  3301 02 in 07/003,142767,absent,1
MTH  3301 02 in 07/003,80561,absent,1
MTH  3301 02 in 07/003,82956,absent,1
MTH  3301 03 in 04/001,100920,absent,1
MTH  3301 03 in 04/001,102642,absent,1
MTH  3301 04 in 08/104,100968,absent,1
MTH  3301 04 in 08/104,108349,absent,1
PHI  2301 02 in 04/003,111894,absent,1
PHI  2301 02 in 04/003,149696,absent,1
PHI  2301 02 in 04/003,98325,absent,1
PHI  2301 03 in 06/008,135954,absent,1
PHI  2301 03 in 06/008,84764,absent,1
PHI  2302 04 in 11/105,117275,late,1
PHI  2302 04 in 11/105,141382,absent,1
PHY  1400 01   L,123051,absent,1
PHY  1400 02   L,118441,absent,1
PHY  1400 02   L,156432,absent,1
PHY  1400 02   L,81012,late,1
PHY  1400 02   L,86876,late,1
PHY  1400 02   L,87058,absent,1
PHY  1401 01   L in 07/004,151231,late,1
PHY  1401 01 in 09/104,142404,absent,1
PHY  1401 02   L in 07/004,143296,absent,1
PHY  1401 02   L in 07/004,144735,absent,1
PHY  1401 02 in 04/106,117913,absent,1
PHY  1401 02 in 04/106,120063,absent,1
PHY  1401 02 in 04/106,122373,absent,1
PHY  1401 02 in 04/106,137442,absent,1
PHY  1401 02 in 04/106,137472,absent,1
PHY  1401 02 in 04/106,138123,absent,1
PHY  1401 02 in 04/106,141336,absent,1
PHY  1401 02 in 04/106,143543,absent,1
PHY  1401 02 in 04/106,145847,absent,1
PHY  1401 02 in 04/106,146303,absent,1
PHY  1401 02 in 04/106,146665,absent,1
PHY  1401 02 in 04/106,146705,absent,1
PHY  1401 02 in 04/106,148525,absent,1
PHY  1401 02 in 04/106,148618,absent,1
PHY  1401 02 in 04/106,157957,absent,1
PHY  1401 02 in 04/106,97318,absent,1
PHY  1401 03   L in 07/004,144603,absent,1
PHY  1401 03   L in 07/004,146334,absent,1
PHY  1401 03 in 08B/108,124883,absent,1
PHY  1401 03 in 08B/108,125632,absent,1
PHY  1401 03 in 08B/108,138919,absent,1
PHY  1401 03 in 08B/108,144603,absent,1
PHY  1401 03 in 08B/108,146116,absent,1
PHY  1401 03 in 08B/108,146226,absent,1
PHY  1401 03 in 08B/108,146334,absent,1
PHY  1401 03 in 08B/108,152041,absent,1
PHY  1401 04 in 04/007,136011,absent,1
PHY  1401 04 in 04/007,144159,absent,1
PHY  1401 05 in 04/105,147772,absent,1
PHY  1401 05 in 04/105,156103,absent,1
PHY  1401 06   L in 07/004,147772,late,1
PHY  1401 06   L in 07/004,157957,absent,1
PHY  1401 07   L in 07/004,149549,late,1
PHY  1401 07   L in 07/004,152041,late,1
PHY  1401 07 in 08B/108,117611,absent,1
PHY  1401 07 in 08B/108,117688,absent,1
PHY  1401 07 in 08B/108,118833,absent,1
PHY  1401 09 in 07/003,118530,absent,1
PHY  1401 09 in 07/003,123134,absent,1
PHY  1401 09 in 07/003,80919,absent,1
PHY  1401 11   L in 07/004,138123,absent,1
PHY  1401 11   L in 07/004,155051,absent,1
PHY  1401 13   L in 07/004,123134,absent,1
PHY  1401 13   L in 07/004,146226,late,1
PHY  1401 13   L in 07/004,80919,absent,1
PHY  1401 14   L in 07/004,148300,late,1
PHY  1401 15   L in 07/004,145944,absent,1
PHY  1401 16   L in 07/004,121699,absent,1
PHY  1401 16   L in 07/004,99862,absent,1
PHY  1401 17   L in 07/004,154751,absent,1
PHY  1401 17   L in 07/004,155492,late,1
PHY  1402 01 in 04/106,117873,absent,1
PHY  1402 01 in 04/106,119239,absent,1
PHY  1402 01 in 04/106,120355,absent,1
PHY  1402 01 in 04/106,122770,absent,1
PHY  1402 01 in 04/106,124275,absent,1
PHY  1402 01 in 04/106,140895,absent,1
PHY  1402 01 in 04/106,143526,absent,1
PHY  1402 01 in 04/106,89479,absent,1
PHY  1402 01 in 07/002,112395,absent,1
PHY  1402 01 in 07/002,114660,absent,1
PHY  1402 01 in 07/002,117611,absent,1
PHY  1402 01 in 07/002,118352,absent,1
PHY  1402 01 in 07/002,118410,absent,1
PHY  1402 01 in 07/002,118609,absent,1
PHY  1402 01 in 07/002,119564,absent,1
PHY  1402 01 in 07/002,120487,absent,1
PHY  1402 01 in 07/002,121857,absent,1
PHY  1402 01 in 07/002,124845,absent,1
PHY  1402 01 in 07/002,124883,absent,1
PHY  1402 01 in 07/002,138666,absent,1
PHY  1402 01 in 07/002,138919,absent,1
PHY  1402 02 in 04/004,101388,absent,1
PHY  1402 02 in 04/004,101647,absent,1
PHY  1402 02 in 04/004,102913,absent,1
PHY  1402 02 in 04/004,106449,absent,1
PHY  1402 02 in 04/004,110583,absent,1
PHY  1402 02 in 04/004,113494,absent,1
PHY  1402 02 in 04/004,120748,absent,1
PHY  1402 02 in 04/004,120895,absent,1
PHY  1402 02 in 04/004,142909,absent,1
PHY  1402 02 in 04/004,86365,absent,1
PHY  1402 02 in 04/004,94574,absent,1
PHY  1402 03 in 04/102,118463,absent,1
PHY  1402 03 in 04/102,119508,absent,1
PHY  1402 03 in 04/102,121321,absent,1
PHY  1402 03 in 04/102,121606,absent,1
PHY  1402 03 in 04/102,85458,absent,1
PHY  1402 04   L in 07/108,100612,late,1
PHY  1402 04   L in 07/108,120102,late,1
PHY  1402 04   L in 07/108,120895,late,1
PHY  1402 04   L in 07/108,122666,late,1
PHY  1402 04   L in 07/108,142652,late,1
PHY  1402 04   L in 07/108,143573,late,1
PHY  1402 04 in 04/004,101139,absent,1
PHY  1402 04 in 04/004,102711,absent,1
PHY  1402 04 in 04/004,103184,absent,1
PHY  1402 04 in 04/004,117101,absent,1
PHY  1402 04 in 04/004,117459,absent,1
PHY  1402 04 in 04/004,118865,absent,1
PHY  1402 04 in 04/004,122105,absent,1
PHY  1402 04 in 04/004,122344,absent,1
PHY  1402 04 in 04/004,141472,absent,1
PHY  1402 04 in 04/004,143083,absent,1
PHY  1402 04 in 04/004,143554,absent,1
PHY  1402 04 in 04/004,143818,absent,1
PHY  1402 04 in 04/004,99876,absent,1
PHY  1402 05   L in 07/108,113494,absent,1
PHY  1402 06   L in 07/108,109327,absent,1
PHY  1402 06   L in 07/108,117459,absent,1
PHY  1402 06   L in 07/108,138857,absent,1
PHY  1402 06   L in 07/108,89638,absent,1
PHY  1402 06 in 04/002,120406,absent,1
PHY  1402 06 in 04/002,124433,absent,1
PHY  1402 06 in 04/002,139936,absent,1
PHY  1402 06 in 04/002,142041,absent,1
PHY  1402 06 in 04/002,84786,absent,1
PHY  1402 06 in 04/002,85174,absent,1
PHY  1402 08   L in 07/108,113826,late,1
PHY  1402 08   L in 07/108,120356,late,1
PHY  1402 08   L in 07/108,124416,late,1
PHY  1402 08   L in 07/108,125634,late,1
PHY  1402 08   L in 07/108,143526,absent,1
PHY  1402 09   L in 07/108,120379,late,1
PLS  1001 01 in 08B/104,156406,absent,1
PLS  1001 01 in 08B/104,157499,absent,1
PRD  1001 01 in 08B/004,151391,absent,1
PRD  1001 01 in 08B/004,152305,absent,1
PRD  1001 01 in 08B/004,153309,absent,1
PRD  1001 01 in 08B/004,156549,absent,1
PRD  1001 01 in 08B/004,157499,absent,1
PRD  1001 01 in 08B/004,159587,absent,1
PSC  2301 01 in 11/003,83809,absent,1
PSC  2301 02 in 04/003,110990,absent,1
PSC  2301 02 in 04/003,96840,absent,1
PSC  2371 01 in 08/013,158026,absent,1
PSC  2371 01 in 08/013,85399,absent,1
PSC  3311 01 in 04/107,104273,absent,1
PSC  3311 01 in 04/107,117561,absent,1
PSC  3311 01 in 04/107,117670,absent,1
PSC  3311 01 in 04/107,143308,absent,1
PSC  3311 01 in 04/107,85588,absent,1
PSY  1301 01 in 04/001,135527,absent,1
PSY  1301 01 in 04/001,141478,absent,1
PSY  1301 01 in 04/001,142916,absent,1
PSY  1301 01 in 04/001,145390,absent,1
PSY  1301 01 in 04/001,146292,absent,1
PSY  1301 02,148053,absent,1
PSY  1301 02 in 04/102,118924,absent,1
PSY  1301 02 in 04/102,120955,absent,1
PSY  1301 02 in 04/102,150856,absent,1
PSY  1301 02 in 04/102,77488,absent,1
PSY  1301 02 in 04/102,82941,absent,1
PSY  1301 03 in 04/003,120565,absent,1
PSY  1301 03 in 04/003,123115,absent,1
PSY  1301 03 in 04/003,158112,absent,1
PSY  1301 03 in 04/003,158254,absent,1
PSY  1301 06 in 08B/217,119983,absent,1
PSY  1301 06 in 08B/217,122019,late,1
PSY  1301 06 in 08B/217,122422,absent,1
PSY  1301 06 in 08B/217,124711,absent,1
PSY  1301 06 in 08B/217,142037,absent,1
PSY  1301 06 in 08B/217,156780,late,1
PSY  2301 01 in 11/003,149696,absent,1
PSY  2301 01 in 11/003,79440,absent,1
PSY  2301 01 in 11/003,85166,absent,1
PSY  2301 01 in 11/003,88622,absent,1
PSY  2303 01 in 06/003,117963,absent,1
PSY  2303 01 in 06/003,122372,absent,1
PSY  2303 01 in 06/003,86410,absent,1
PSY  2303 02 in 08/013,125008,absent,1
PSY  2303 02 in 08/013,158254,absent,1
PSY  3398 01 in 08B/217,101501,absent,1
PSY  3398 01 in 08B/217,103478,absent,1
PSY  3398 01 in 08B/217,118476,absent,1
PSY  3398 01 in 08B/217,157872,absent,1
PSY  3398 01 in 08B/217,78508,absent,1
PSY  3398 01 in 08B/217,97959,absent,1
PWG  1001 01 in 08B/004,156549,absent,1
PWG  1001 01 in 08B/004,156741,absent,1
PWG  1001 02 in 04/103,155952,absent,1
PWG  1001 02 in 04/103,157499,absent,1
RES  3301 01 in 08/013,91881,absent,1
RES  4326 01 in 06/106,84580,absent,1
SCI  1300 01 in 07/003,157013,absent,1
SCM  3301 01 in 11/008,104385,absent,1
SCM  3301 01 in 11/008,111968,late,1
SCM  3301 01 in 11/008,113434,late,1
SCM  3301 01 in 11/008,122159,absent,1
SCM  3301 01 in 11/008,122431,absent,1
SCM  3301 02 in 04/105,105836,absent,1
SCM  3301 02 in 04/105,114756,absent,1
SCM  3301 02 in 04/105,85805,absent,1
SCM  4301 01 in 04/004,80057,absent,1
SCM  4301 01 in 04/004,80067,absent,1
SCM  4301 01 in 04/004,84301,late,1
SCM  4301 01 in 04/004,92160,absent,1
SCM  4301 01 in 04/004,96761,absent,1
SEM  5325 01 in 06/106,76245,absent,1
SLP  1101 04,117006,absent,1
SLP  1101 04,84846,late,1
SLP  1101 04,93073,late,1
SLP  1101 04,94661,absent,1
SLP  1101 05,102433,absent,1
SLP  1101 05,117101,absent,1
SLP  1101 05,80463,absent,1
SLP  1101 05,84351,absent,1
SLP  1101 05,87127,absent,1
SLP  1101 05,92777,absent,1
SOC  1301 01 in 06/003,136489,absent,1
SOC  1301 01 in 06/003,143031,absent,1
SPN  1301 01 in 11/101,117864,absent,1
SPN  1301 01 in 11/101,135532,absent,1
SPN  1301 01 in 11/101,84558,absent,1
SPN  1301 01 in 11/101,88869,absent,1
SPN  1301 01 in 11/101,89522,absent,1
SPN  1301 01 in 11/101,95414,absent,1
SPN  1301 02 in 08B/217,100459,absent,1
SPN  1301 02 in 08B/217,105117,absent,1
SPN  1301 02 in 08B/217,82996,absent,1
SPN  1301 02 in 08B/217,85936,absent,1
SPN  1301 03 in 11/101,117329,absent,1
SPN  1301 03 in 11/101,141648,absent,1
SPN  1301 03 in 11/101,84616,absent,1
SPN  1301 03 in 11/101,87118,absent,1
SPN  1301 03 in 11/101,88155,absent,1
SPN  1301 03 in 11/101,91684,absent,1
SPN  1301 04 in 04/003,151962,absent,1
SPN  1301 04 in 04/003,83892,absent,1
SPN  1301 04 in 04/003,84907,absent,1
SPN  1301 04 in 04/003,86594,absent,1
SPN  1301 04 in 04/003,88238,absent,1
SPN  1301 04 in 04/003,89163,absent,1
SPN  1301 04 in 04/003,95972,absent,1
SPN  1302 01 in 08/101,108091,absent,1
SPN  1302 01 in 08/101,113865,absent,1
SPN  1302 01 in 08/101,117183,absent,1
SPN  1302 01 in 08/101,84856,absent,1
SPN  1302 01 in 08/101,87898,absent,1
SPN  1302 01 in 08/101,89087,absent,1
SPN  1302 01 in 08/101,93608,absent,1
SSC  1310 01 in 11/101,139326,late,1
SSC  1310 01 in 11/101,139813,late,1
SSC  1310 01 in 11/101,143308,late,1
SSC  1310 01 in 11/101,145589,late,1
SSC  1310 01 in 11/101,148273,late,1
SSC  1310 01 in 11/101,149494,late,1
SSC  1310 01 in 11/101,89638,late,1
SSC  1310 02 in 04/107,103478,absent,1
SSC  1310 02 in 04/107,106132,absent,1
SSC  1310 02 in 04/107,110868,absent,1
SSC  1310 02 in 04/107,113865,absent,1
SSC  1310 02 in 04/107,143031,absent,1
SSC  2302 01 in 08B/004,142389,absent,1
SSC  2302 01 in 08B/004,144878,absent,1
SSC  3140 02 in 04/AUD,102693,absent,1
SSC  3140 02 in 04/AUD,110990,absent,1
SSC  3140 02 in 04/AUD,117901,late,1
SSC  3140 02 in 04/AUD,138857,absent,1
SSC  3140 02 in 04/AUD,149704,absent,1
SSC  3140 02 in 04/AUD,155722,absent,1
SSC  3140 02 in 04/AUD,85856,absent,1
SSC  3404 01 in 08/014,84297,absent,1
SSC  3404 01 in 08/014,85588,absent,1
SSC  4302 01 in 04/107,84229,absent,1
SSC  4302 01 in 04/107,85399,absent,1
SSC  4302 01 in 04/107,91756,absent,1
SSC  4302 02 in 08/101,75303,absent,1
SSC  4302 02 in 08/101,79440,absent,1
SSC  4302 02 in 08/101,97006,absent,1
SSC  4302 03 in 08/111,84308,absent,1
SSC  5302 03 in 08/104,137439,absent,1
SSC  5362 01 in 10/004,153613,absent,1
STA  2401 01 in 04/002,100821,absent,1
STA  2401 01 in 04/002,102098,absent,1
STA  2401 01 in 04/002,118438,absent,1
STA  2401 01 in 04/002,119890,absent,1
STA  2401 01 in 04/002,80546,absent,1
STA  2401 01 in 04/002,83350,absent,1
STA  2401 01 in 04/002,84699,absent,1
STA  2401 01 in 04/002,84958,absent,1
STA  2401 01 in 04/002,85911,absent,1
STA  2401 01 in 04/002,89816,absent,1
STA  2401 01 in 04/002,91198,absent,1
STA  2401 01 in 04/002,96119,late,1
TMZ  1301 01 in 08/101,149693,absent,1
TMZ  1301 01 in 08/101,149877,absent,1
TMZ  1301 01 in 08/101,151818,absent,1
TMZ  1301 01 in 08/101,153613,absent,1
TMZ  1301 01 in 08/101,75886,absent,1
TMZ  1301 01 in 08/101,86398,absent,1
TMZ  1301 01 in 08/101,94353,absent,1
